0.0,0.0,0.0,0.0,0.0,0.0,0.0,0.0,0.0,0.0,0.0,0.0,0.0,0.0,0.0,0.0,0.0,0.0,0.0,0.0,0.0,0.0,0.0,0.0,0.0,0.0,0.0,0.0,0.0,0.0,0.0,0.0,0.0,0.0,0.0,0.0,0.0,0.0,0.0,0.0,0.0,0.0,0.0,0.0,0.0,0.0,0.0,0.0,0.0,0.0,0.0,0.0,0.0,0.0,0.0,0.0,0.0,0.0,0.0,0.0,0.0,0.0,0.0,0.0,0.0,0.0,0.0,0.0,0.0,0.0,0.0,0.0,0.0,0.0,0.0,0.0,0.0,0.0,0.0,0.0,0.0,0.0,0.0,0.0,0.0,0.0,0.0,0.0,0.0,0.0,0.0,0.0,0.0,0.0,0.0,0.0,0.0,0.0,0.0,0.0
0.0,0.0,0.0,0.0,0.0,0.0,0.0,0.0,0.0,0.0,0.0,0.0,0.0,0.0,0.0,0.0,0.0,0.0,0.0,0.0,0.0,0.0,0.0,0.0,0.0,0.0,0.0,0.0,0.0,0.0,0.0,0.0,0.0,0.0,0.0,0.0,0.0,0.0,0.0,0.0,0.0,0.0,0.0,0.0,0.0,0.0,0.0,0.0,0.0,0.0,0.0,0.0,0.0,0.0,0.0,0.0,0.0,0.0,0.0,0.0,0.0,0.0,0.0,0.0,0.0,0.0,0.0,0.0,0.0,0.0,0.0,0.0,0.0,0.0,0.0,0.0,0.0,0.0,0.0,0.0,0.0,0.0,0.0,0.0,0.0,0.0,0.0,0.0,0.0,0.0,0.0,0.0,0.0,0.0,0.0,0.0,0.0,0.0,0.0,0.0
0.0,0.0,0.0,0.0,61.42223503601916,0.0,49199.103825595565,0.0,0.0,0.0,0.0,629849.1694768117,1738.9245819755747,0.0,9836.789323547451,0.0,0.0,0.0,23858.164346223006,0.0,3381135.266250126,0.0,0.0,0.0,221366.9575004328,0.0,199949.77304110955,0.0,283475.7358117355,0.0,71968.14216367001,0.0,345529.5286545643,0.0,665064.9741360396,0.0,0.0,0.0,143864.116893023,0.0,217277.3454834706,0.0,623525.6148541509,0.0,36159.83344999762,0.0,61841.82566873588,0.0,1325052.2344920412,0.0,191773.81168464938,0.0,2133180.882741523,0.0,702296.7429117633,0.0,3636.329603198422,0.0,63270.78950770884,0.0,0.0,0.0,0.0,62020.51482655706,117612.33763858167,0.0,33970.759816284975,0.0,85929.35711424175,0.0,120524.12318633814,0.0,40863.2771255984,0.0,1768946.8360872483,0.0,228362.45226220152,0.0,0.0,0.0,422366.23774810217,0.0,0.0,0.0,0.0,106847.1167511536,0.0,953933.681784377,1021385.1747353035,0.0,0.0,0.0,137809.005131458,0.0,141345.37356656374,0.0,2793.4699529622994,0.0,0.0,0.0
0.0,0.0,0.0,0.0,0.0,0.0,0.0,97782.8851237126,166307.0777250363,0.0,286781.76613159163,0.0,0.0,0.0,0.0,105752.41897862221,0.0,0.0,0.0,569800.2804526037,0.0,17343.765120229138,0.0,65.62487051937975,0.0,294329.3771411459,0.0,283454.8625543698,0.0,57320.669078262814,0.0,21877.54986949934,0.0,258313.72016227437,0.0,169064.98943776288,0.0,240705.11842901164,0.0,198987.46028621204,0.0,17630.467191683703,0.0,0.0,0.0,61058.2383063124,0.0,90669.41800210308,0.0,40546.27137407198,0.0,221757.1000552466,0.0,1006877.6938765291,0.0,181978.5864157086,0.0,0.0,0.0,90067.43182845824,113026.89469895471,0.0,4610.523623270625,0.0,0.0,153401.41728496435,0.0,447440.4888914209,0.0,303941.9411395389,0.0,75328.11209063124,0.0,182198.02096670668,0.0,236332.24231304944,0.0,73793.55632772247,0.0,313204.35519825574,0.0,400610.9792278814,0.0,0.0,0.0,0.0,12769.029291554307,0.0,0.0,573544.3167894911,0.0,18651.63124310699,0.0,108885.45177106382,0.0,0.0,0.0,0.0,0.0,8773.278720018272
0.0,0.0,61.42223503601916,0.0,0.0,0.0,0.0,0.0,35425.431018753196,0.0,3046.309515962836,0.0,0.0,0.0,0.0,220866.68395192834,0.0,0.0,0.0,15133.52327995076,0.0,158682.0889447452,0.0,167549.7692094045,0.0,49581.759789894844,0.0,2668429.719271511,0.0,961701.215919501,0.0,385815.57419136143,0.0,132812.05170490377,0.0,139013.5116864628,0.0,2839.000431491906,0.0,16606.61688712024,0.0,19440.43578918038,0.0,0.0,0.0,195359.00153200992,0.0,35201.844918098825,0.0,446813.951564807,0.0,42828.414175259924,0.0,60107.55852450902,0.0,412857.5119232855,0.0,0.0,0.0,1364615.2886233213,211210.10346486332,0.0,504224.03073954413,0.0,0.0,28083.77012098118,0.0,72243.23100125263,0.0,156234.07360630488,0.0,826886.2489478134,0.0,96204.99721812349,0.0,81442.180986948,0.0,27430.277178723878,0.0,3467.2127185071295,0.0,60694.0571015523,0.0,0.0,0.0,0.0,56025.14118195923,0.0,0.0,73275.76179833221,0.0,741105.1647535022,0.0,1170491.3806449585,0.0,0.0,0.0,0.0,0.0,59246.69808642335
0.0,0.0,0.0,0.0,0.0,0.0,0.0,0.0,0.0,0.0,0.0,0.0,0.0,0.0,0.0,0.0,0.0,0.0,0.0,0.0,0.0,0.0,0.0,0.0,0.0,0.0,0.0,0.0,0.0,0.0,0.0,0.0,0.0,0.0,0.0,0.0,0.0,0.0,0.0,0.0,0.0,0.0,0.0,0.0,0.0,0.0,0.0,0.0,0.0,0.0,0.0,0.0,0.0,0.0,0.0,0.0,0.0,0.0,0.0,0.0,0.0,0.0,0.0,0.0,0.0,0.0,0.0,0.0,0.0,0.0,0.0,0.0,0.0,0.0,0.0,0.0,0.0,0.0,0.0,0.0,0.0,0.0,0.0,0.0,0.0,0.0,0.0,0.0,0.0,0.0,0.0,0.0,0.0,0.0,0.0,0.0,0.0,0.0,0.0,0.0
0.0,0.0,49199.103825595565,0.0,0.0,0.0,0.0,0.0,110.75465951156383,0.0,41672.48481605762,0.0,0.0,0.0,0.0,121256.84988597604,0.0,0.0,0.0,44572.87430371168,0.0,19265.202819866463,0.0,150712.73601580656,0.0,39239.46384912607,0.0,1263533.9677536527,0.0,301873.6196356962,0.0,63488.30268046309,0.0,128435.38316235822,0.0,264599.1674146255,0.0,129075.14476181642,0.0,12898.439381170974,0.0,16830.74564087195,0.0,0.0,0.0,600774.6340198199,0.0,169857.7914472708,0.0,90278.85154276612,0.0,146083.63352361886,0.0,356352.6338484733,0.0,257506.4297602665,0.0,0.0,0.0,730840.0837835631,18228.159537778043,0.0,188105.6109207139,0.0,0.0,214828.72776234272,0.0,137126.01468709,0.0,280008.07847237244,0.0,188382.48303409194,0.0,17857.71404253394,0.0,94517.21953519691,0.0,5747.3105907546,0.0,17501.217223146392,0.0,18106.52297943773,0.0,0.0,0.0,0.0,26762.577371913823,0.0,0.0,73767.70911798484,0.0,231481.33794400247,0.0,404489.7602119873,0.0,0.0,0.0,0.0,0.0,24806.44067503969
0.0,0.0,0.0,97782.8851237126,0.0,0.0,0.0,0.0,0.0,0.0,0.0,216081.87843684337,87850.06963772382,0.0,352524.6595599763,0.0,0.0,0.0,98212.89384340541,0.0,1365273.4200866215,0.0,0.0,0.0,287.77589325739984,0.0,3183.307660784634,0.0,16341.895875413258,0.0,73357.96048788133,0.0,19233.045971760068,0.0,28013.23252610662,0.0,0.0,0.0,15189.03085120434,0.0,108535.06775476449,0.0,238957.6770322121,0.0,58572.444720428175,0.0,5516.562524790762,0.0,921234.7947746452,0.0,7263.501887335929,0.0,883757.295774318,0.0,298655.5249415077,0.0,65229.190898033485,0.0,47200.347852171544,0.0,0.0,0.0,0.0,4181.592298978258,139243.9762596907,0.0,5574.992124921366,0.0,31727.011921413083,0.0,14400.991256966181,0.0,344021.64924304094,0.0,559437.8331312682,0.0,311988.86945027165,0.0,0.0,0.0,677042.328302681,0.0,0.0,0.0,0.0,955639.194541522,0.0,584578.8247832349,556129.224183649,0.0,0.0,0.0,1415427.042334905,0.0,144737.52992144378,0.0,257829.46559692375,0.0,0.0,0.0
0.0,0.0,0.0,166307.0777250363,35425.431018753196,0.0,110.75465951156383,0.0,0.0,0.0,0.0,0.0,21051.458336734446,0.0,38575.40285716242,0.0,0.0,0.0,5862.937387147413,0.0,1467626.5821352059,0.0,0.0,0.0,296754.6439101639,0.0,540632.4808249208,0.0,337430.57379202126,0.0,29285.802358295397,0.0,148633.96333852335,0.0,369577.88040721335,0.0,0.0,0.0,98740.88300418812,0.0,24551.782777715176,0.0,207649.29932339312,0.0,18170.169179918623,0.0,151071.1370810127,0.0,381175.80083979917,0.0,260156.7366867594,0.0,874991.392789721,0.0,133263.80154264127,0.0,154309.32755719707,0.0,7849.510933486334,0.0,0.0,0.0,0.0,242059.53417619003,29657.02225943625,0.0,128804.41719646408,0.0,118844.41980016234,0.0,85327.6068058924,0.0,262827.91582621064,0.0,557958.2339024381,0.0,19235.07318604345,0.0,0.0,0.0,49612.49864003972,0.0,0.0,0.0,0.0,29581.355206572836,0.0,287880.1503801116,217393.54392197978,0.0,0.0,0.0,107380.9422417538,0.0,35952.00662584169,0.0,11150.740475512273,0.0,0.0,0.0
0.0,0.0,0.0,0.0,0.0,0.0,0.0,0.0,0.0,0.0,0.0,0.0,0.0,0.0,0.0,0.0,0.0,0.0,0.0,0.0,0.0,0.0,0.0,0.0,0.0,0.0,0.0,0.0,0.0,0.0,0.0,0.0,0.0,0.0,0.0,0.0,0.0,0.0,0.0,0.0,0.0,0.0,0.0,0.0,0.0,0.0,0.0,0.0,0.0,0.0,0.0,0.0,0.0,0.0,0.0,0.0,0.0,0.0,0.0,0.0,0.0,0.0,0.0,0.0,0.0,0.0,0.0,0.0,0.0,0.0,0.0,0.0,0.0,0.0,0.0,0.0,0.0,0.0,0.0,0.0,0.0,0.0,0.0,0.0,0.0,0.0,0.0,0.0,0.0,0.0,0.0,0.0,0.0,0.0,0.0,0.0,0.0,0.0,0.0,0.0
0.0,0.0,0.0,286781.76613159163,3046.309515962836,0.0,41672.48481605762,0.0,0.0,0.0,0.0,0.0,81.29220075630653,0.0,5697.601988885457,0.0,0.0,0.0,10759.51031924207,0.0,3267448.9919933574,0.0,0.0,0.0,167153.92644605183,0.0,217313.29563882266,0.0,229797.6261884232,0.0,35201.719603693375,0.0,203553.62523432617,0.0,423293.76977266464,0.0,0.0,0.0,76760.89511106981,0.0,220898.58525262895,0.0,697332.1646819799,0.0,42555.46221785742,0.0,19505.94778834225,0.0,1582631.5934015159,0.0,89660.96085359415,0.0,2182139.2038388345,0.0,665474.1336819888,0.0,6908.621741479442,0.0,44910.12663739246,0.0,0.0,0.0,0.0,49878.11432838349,151984.8630845918,0.0,23165.016453360964,0.0,17916.033811956084,0.0,48880.969187812414,0.0,20024.63111833219,0.0,1627211.8092870144,0.0,228510.96140030943,0.0,0.0,0.0,495324.6516016035,0.0,0.0,0.0,0.0,173100.31959425192,0.0,1139338.1020997677,1020508.6573226285,0.0,0.0,0.0,271637.4520518153,0.0,171136.820455365,0.0,9732.365360652459,0.0,0.0,0.0
0.0,0.0,629849.1694768117,0.0,0.0,0.0,0.0,216081.87843684337,0.0,0.0,0.0,0.0,0.0,0.0,0.0,66662.42800540451,0.0,0.0,0.0,875871.2823821541,0.0,5390.489929919211,0.0,27007.785909248876,0.0,216281.4487002116,0.0,71739.6109854251,0.0,41637.48263407044,0.0,74.3174781651588,0.0,75979.10433552356,0.0,53229.35108143169,0.0,732971.6746786695,0.0,232637.21460842347,0.0,55655.70314416018,0.0,0.0,0.0,149134.96314395874,0.0,187888.05877082155,0.0,686.3106559735227,0.0,473935.1652859928,0.0,1736912.9902232054,0.0,68651.42319570552,0.0,0.0,0.0,30933.411411090245,56182.67866703861,0.0,6083.202976078213,0.0,0.0,270812.6531120321,0.0,518216.91347463743,0.0,307758.4496188195,0.0,6004.840422912546,0.0,57908.821960939895,0.0,116429.95503903998,0.0,66214.36070330096,0.0,550100.781066713,0.0,402391.36386874143,0.0,0.0,0.0,0.0,22974.48463040444,0.0,0.0,741744.1654271504,0.0,3805.294256377182,0.0,5757.056396422651,0.0,0.0,0.0,0.0,0.0,22788.357263256654
0.0,0.0,1738.9245819755747,0.0,0.0,0.0,0.0,87850.06963772382,21051.458336734446,0.0,81.29220075630653,0.0,0.0,0.0,0.0,0.0,0.0,0.0,0.0,8459.598723962812,0.0,161829.19503841604,0.0,220830.63824464392,0.0,21748.4849668744,0.0,2616206.006926493,0.0,1168730.9527940245,0.0,336805.5296693954,0.0,71658.586946158,0.0,114501.72184204472,0.0,4530.342450524874,0.0,4802.31996925619,0.0,21097.055214621523,0.0,0.0,0.0,211934.6232705025,0.0,24183.563185471365,0.0,417980.74528757733,0.0,9854.24650429433,0.0,30029.62608602104,0.0,258485.18467154144,0.0,0.0,0.0,1394620.678808743,240646.1375609818,0.0,569576.6827106529,0.0,0.0,21656.8755552223,0.0,16657.335973293437,0.0,69579.25258968998,0.0,821557.6038904847,0.0,74170.74265077244,0.0,31031.859726782703,0.0,13839.980319184397,0.0,8730.414344909788,0.0,89672.59228003505,0.0,0.0,0.0,0.0,68131.11070223298,0.0,0.0,163757.68108604167,0.0,801696.6974521031,0.0,1084767.783519871,0.0,0.0,0.0,0.0,0.0,67008.56187320693
0.0,0.0,0.0,0.0,0.0,0.0,0.0,0.0,0.0,0.0,0.0,0.0,0.0,0.0,0.0,0.0,0.0,0.0,0.0,0.0,0.0,0.0,0.0,0.0,0.0,0.0,0.0,0.0,0.0,0.0,0.0,0.0,0.0,0.0,0.0,0.0,0.0,0.0,0.0,0.0,0.0,0.0,0.0,0.0,0.0,0.0,0.0,0.0,0.0,0.0,0.0,0.0,0.0,0.0,0.0,0.0,0.0,0.0,0.0,0.0,0.0,0.0,0.0,0.0,0.0,0.0,0.0,0.0,0.0,0.0,0.0,0.0,0.0,0.0,0.0,0.0,0.0,0.0,0.0,0.0,0.0,0.0,0.0,0.0,0.0,0.0,0.0,0.0,0.0,0.0,0.0,0.0,0.0,0.0,0.0,0.0,0.0,0.0,0.0,0.0
0.0,0.0,9836.789323547451,0.0,0.0,0.0,0.0,352524.6595599763,38575.40285716242,0.0,5697.601988885457,0.0,0.0,0.0,0.0,0.0,0.0,0.0,0.0,46.440906460222365,0.0,322148.07732611394,0.0,487395.09154377773,0.0,17055.553724022968,0.0,3934489.133366768,0.0,1574677.2805733671,0.0,629829.411456112,0.0,192398.9066242294,0.0,325618.96375150874,0.0,43424.995372916295,0.0,9108.168592767788,0.0,67268.81026349202,0.0,0.0,0.0,668057.7446815993,0.0,151043.79465233439,0.0,707457.5371639326,0.0,98674.93546566754,0.0,78135.43850384577,0.0,661319.2564356482,0.0,0.0,0.0,2283766.4463049388,316536.35875038273,0.0,976320.6596481078,0.0,0.0,147748.37056803892,0.0,64342.09629079804,0.0,280156.47299809346,0.0,1211984.9510283475,0.0,107654.52851252662,0.0,107813.44806902605,0.0,56598.40053331946,0.0,2890.6648379053345,0.0,30807.37448355597,0.0,0.0,0.0,0.0,149454.69158639756,0.0,0.0,49323.00921125189,0.0,1273751.8221363237,0.0,1825368.0148125275,0.0,0.0,0.0,0.0,0.0,147268.0618242758
0.0,0.0,0.0,105752.41897862221,220866.68395192834,0.0,121256.84988597604,0.0,0.0,0.0,0.0,66662.42800540451,0.0,0.0,0.0,0.0,0.0,0.0,65445.05513269077,0.0,712307.6528793029,0.0,0.0,0.0,6966.0100702708405,0.0,20579.594222917287,0.0,23358.730097456926,0.0,57824.77200554371,0.0,309.5051317498913,0.0,4144.126469401119,0.0,0.0,0.0,5428.571636677252,0.0,58185.01222345457,0.0,176329.53875479673,0.0,45825.30978063903,0.0,36987.921995955374,0.0,691381.9087993609,0.0,7112.576188553103,0.0,525547.4933708599,0.0,129216.79368125214,0.0,219346.90046888508,0.0,12742.51152261745,0.0,0.0,0.0,0.0,21561.801189572907,105162.57201276883,0.0,12247.568410223357,0.0,49968.136180244575,0.0,5654.0124790216505,0.0,613853.5011341328,0.0,237689.41580104758,0.0,189448.9925926655,0.0,0.0,0.0,435285.6823520251,0.0,0.0,0.0,0.0,761575.2972322054,0.0,435893.74620079796,293093.06604427873,0.0,0.0,0.0,1311151.0445195655,0.0,110793.69187743962,0.0,268962.196329799,0.0,0.0,0.0
0.0,0.0,0.0,0.0,0.0,0.0,0.0,0.0,0.0,0.0,0.0,0.0,0.0,0.0,0.0,0.0,0.0,0.0,0.0,0.0,0.0,0.0,0.0,0.0,0.0,0.0,0.0,0.0,0.0,0.0,0.0,0.0,0.0,0.0,0.0,0.0,0.0,0.0,0.0,0.0,0.0,0.0,0.0,0.0,0.0,0.0,0.0,0.0,0.0,0.0,0.0,0.0,0.0,0.0,0.0,0.0,0.0,0.0,0.0,0.0,0.0,0.0,0.0,0.0,0.0,0.0,0.0,0.0,0.0,0.0,0.0,0.0,0.0,0.0,0.0,0.0,0.0,0.0,0.0,0.0,0.0,0.0,0.0,0.0,0.0,0.0,0.0,0.0,0.0,0.0,0.0,0.0,0.0,0.0,0.0,0.0,0.0,0.0,0.0,0.0
0.0,0.0,0.0,0.0,0.0,0.0,0.0,0.0,0.0,0.0,0.0,0.0,0.0,0.0,0.0,0.0,0.0,0.0,0.0,0.0,0.0,0.0,0.0,0.0,0.0,0.0,0.0,0.0,0.0,0.0,0.0,0.0,0.0,0.0,0.0,0.0,0.0,0.0,0.0,0.0,0.0,0.0,0.0,0.0,0.0,0.0,0.0,0.0,0.0,0.0,0.0,0.0,0.0,0.0,0.0,0.0,0.0,0.0,0.0,0.0,0.0,0.0,0.0,0.0,0.0,0.0,0.0,0.0,0.0,0.0,0.0,0.0,0.0,0.0,0.0,0.0,0.0,0.0,0.0,0.0,0.0,0.0,0.0,0.0,0.0,0.0,0.0,0.0,0.0,0.0,0.0,0.0,0.0,0.0,0.0,0.0,0.0,0.0,0.0,0.0
0.0,0.0,23858.164346223006,0.0,0.0,0.0,0.0,98212.89384340541,5862.937387147413,0.0,10759.51031924207,0.0,0.0,0.0,0.0,65445.05513269077,0.0,0.0,0.0,0.0,0.0,65907.42003033265,0.0,176050.29424268877,0.0,1241.726355296393,0.0,1563908.767386056,0.0,611933.5118219402,0.0,129050.48967674398,0.0,27896.092673654362,0.0,85410.01363748468,0.0,47528.646762089236,0.0,158.03127987098782,0.0,16101.227657075597,0.0,0.0,0.0,275082.6082502091,0.0,48087.66751011694,0.0,159584.0417929737,0.0,38061.749585261845,0.0,113642.75708956062,0.0,151672.64260021705,0.0,0.0,0.0,799971.4767336597,79922.98565622632,0.0,290167.7126409441,0.0,0.0,64232.698195866484,0.0,28847.103668545707,0.0,82775.95740889604,0.0,350746.29119948583,0.0,10840.853887346075,0.0,16371.291610254735,0.0,2349.236930176342,0.0,24312.85797796726,0.0,55940.437003465326,0.0,0.0,0.0,0.0,21287.769573057303,0.0,0.0,127271.28747267349,0.0,390119.5540822288,0.0,574184.828254208,0.0,0.0,0.0,0.0,0.0,30308.145814383133
0.0,0.0,0.0,569800.2804526037,15133.52327995076,0.0,44572.87430371168,0.0,0.0,0.0,0.0,875871.2823821541,8459.598723962812,0.0,46.440906460222365,0.0,0.0,0.0,0.0,0.0,4548761.685514979,0.0,0.0,0.0,567744.8227960204,0.0,696071.2439252032,0.0,533858.6085117878,0.0,33020.98231123891,0.0,584620.544242718,0.0,1102840.1755011897,0.0,0.0,0.0,208999.25190494634,0.0,361006.521303739,0.0,1056121.542570876,0.0,85969.37165561048,0.0,180059.5657793559,0.0,1819895.1348660993,0.0,372886.53006853064,0.0,3016829.2768641673,0.0,935952.567643414,0.0,71945.81915340942,0.0,107129.57833970146,0.0,0.0,0.0,0.0,245022.66439116636,214537.56922699552,0.0,143943.5164945291,0.0,95154.70698141468,0.0,159553.5298999788,0.0,63742.32012966696,0.0,2453552.9114135737,0.0,231138.86972267588,0.0,0.0,0.0,489848.7240303395,0.0,0.0,0.0,0.0,66532.68229203793,0.0,1447046.4969201493,1272963.7223689999,0.0,0.0,0.0,79165.44811146974,0.0,247752.2247066131,0.0,5520.707190967913,0.0,0.0,0.0
0.0,0.0,3381135.266250126,0.0,0.0,0.0,0.0,1365273.4200866215,1467626.5821352059,0.0,3267448.9919933574,0.0,0.0,0.0,0.0,712307.6528793029,0.0,0.0,0.0,4548761.685514979,0.0,0.0,0.0,0.0,0.0,1795374.521979766,0.0,22.948181593875397,0.0,111937.89162721057,0.0,139957.32145181068,0.0,737072.0650463812,0.0,552853.6177754786,0.0,3583090.5542929247,0.0,1950827.7361822077,0.0,861408.9730371432,0.0,0.0,0.0,785502.5159159115,0.0,1358676.6024966387,0.0,102538.90097860082,0.0,2694723.424038984,0.0,6497377.982286741,0.0,579042.9436579586,0.0,0.0,0.0,4390.05354801535,765552.0165450566,0.0,86226.76331195634,0.0,0.0,1806460.8503673368,0.0,2834878.357132607,0.0,1761471.6957090246,0.0,68582.8890228789,0.0,892754.4059511058,0.0,1141436.4999331138,0.0,1050379.0555501229,0.0,3241676.178141919,0.0,2750160.359768755,0.0,0.0,0.0,0.0,529410.5498958284,0.0,0.0,3585519.801794595,0.0,46749.41778874519,0.0,21819.825154771876,0.0,0.0,0.0,0.0,0.0,524313.6620665339
0.0,0.0,0.0,17343.765120229138,158682.0889447452,0.0,19265.202819866463,0.0,0.0,0.0,0.0,5390.489929919211,161829.19503841604,0.0,322148.07732611394,0.0,0.0,0.0,65907.42003033265,0.0,0.0,0.0,0.0,0.0,76915.05471465099,0.0,179383.833862586,0.0,96574.90249256522,0.0,69149.5749667191,0.0,45165.90531729796,0.0,124022.73999746452,0.0,0.0,0.0,77827.77590693155,0.0,40.92201272792303,0.0,15387.368981586751,0.0,17201.46633737623,0.0,167423.59691835186,0.0,71252.07904330609,0.0,171602.32643348674,0.0,170530.75913255377,0.0,16374.759951610351,0.0,346895.44047969725,0.0,12151.748244104943,0.0,0.0,0.0,0.0,128843.09022982646,9563.6528015997,0.0,72011.91150406521,0.0,281126.2503380084,0.0,88377.64526050552,0.0,824962.393180289,0.0,81850.79565001253,0.0,22182.07945451269,0.0,0.0,0.0,20155.87974320739,0.0,0.0,0.0,0.0,141406.95661507233,0.0,40729.29175500428,32033.79532794677,0.0,0.0,0.0,373831.48398350447,0.0,3246.494397204363,0.0,148063.45111596148,0.0,0.0,0.0
0.0,0.0,0.0,0.0,0.0,0.0,0.0,0.0,0.0,0.0,0.0,0.0,0.0,0.0,0.0,0.0,0.0,0.0,0.0,0.0,0.0,0.0,0.0,0.0,0.0,0.0,0.0,0.0,0.0,0.0,0.0,0.0,0.0,0.0,0.0,0.0,0.0,0.0,0.0,0.0,0.0,0.0,0.0,0.0,0.0,0.0,0.0,0.0,0.0,0.0,0.0,0.0,0.0,0.0,0.0,0.0,0.0,0.0,0.0,0.0,0.0,0.0,0.0,0.0,0.0,0.0,0.0,0.0,0.0,0.0,0.0,0.0,0.0,0.0,0.0,0.0,0.0,0.0,0.0,0.0,0.0,0.0,0.0,0.0,0.0,0.0,0.0,0.0,0.0,0.0,0.0,0.0,0.0,0.0,0.0,0.0,0.0,0.0,0.0,0.0
0.0,0.0,0.0,65.62487051937975,167549.7692094045,0.0,150712.73601580656,0.0,0.0,0.0,0.0,27007.785909248876,220830.63824464392,0.0,487395.09154377773,0.0,0.0,0.0,176050.29424268877,0.0,0.0,0.0,0.0,0.0,66376.24693062367,0.0,56052.83173671139,0.0,221642.72452925955,0.0,230835.56061897686,0.0,91086.90987852454,0.0,185547.6827073414,0.0,0.0,0.0,218713.07885898405,0.0,17476.089731311964,0.0,10883.504908340588,0.0,19095.18668332035,0.0,175553.11322548616,0.0,109090.65511265368,0.0,266515.2147733092,0.0,168923.88165099843,0.0,49627.65303956619,0.0,289722.88350002456,0.0,55886.21868815296,0.0,0.0,0.0,0.0,153990.67566693074,11940.473216470198,0.0,90011.92513740835,0.0,431066.3920937701,0.0,224460.27346878982,0.0,931292.0529091405,0.0,150204.21667635074,0.0,126607.15912049229,0.0,0.0,0.0,125186.67717705728,0.0,0.0,0.0,0.0,359274.51610230835,0.0,45496.541009447785,104951.53772818358,0.0,0.0,0.0,600286.8000419119,0.0,5749.402275277149,0.0,230709.44148853654,0.0,0.0,0.0
0.0,0.0,221366.9575004328,0.0,0.0,0.0,0.0,287.77589325739984,296754.6439101639,0.0,167153.92644605183,0.0,0.0,0.0,0.0,6966.0100702708405,0.0,0.0,0.0,567744.8227960204,0.0,76915.05471465099,0.0,66376.24693062367,0.0,0.0,0.0,0.0,0.0,522319.0062994866,0.0,75075.21153774843,0.0,18504.91647848572,0.0,4017.2879370556184,0.0,113101.9351886976,0.0,115137.25162241588,0.0,80356.39952220273,0.0,0.0,0.0,4998.619539770506,0.0,9783.213906644287,0.0,129109.12085870598,0.0,33158.797347027226,0.0,473859.59027570474,0.0,8132.3678214790725,0.0,0.0,0.0,302704.23942654626,476200.8318703947,0.0,122376.9565050622,0.0,0.0,19670.903861426967,0.0,74321.42386740758,0.0,15377.549599205737,0.0,332063.6032024806,0.0,235916.50827151112,0.0,26124.177342199564,0.0,62363.31052911017,0.0,472682.2730709687,0.0,982579.546252978,0.0,0.0,0.0,0.0,106581.20296718477,0.0,0.0,1404843.9974441691,0.0,209474.0044880109,0.0,201918.76722016843,0.0,0.0,0.0,0.0,0.0,107163.11924961922
0.0,0.0,0.0,294329.3771411459,49581.759789894844,0.0,39239.46384912607,0.0,0.0,0.0,0.0,216281.4487002116,21748.4849668744,0.0,17055.553724022968,0.0,0.0,0.0,1241.726355296393,0.0,1795374.521979766,0.0,0.0,0.0,0.0,0.0,0.0,0.0,100959.96354546741,0.0,189.31968702665426,0.0,141010.93053893352,0.0,358797.91712083213,0.0,0.0,0.0,21305.786477448728,0.0,92265.59471644173,0.0,388870.2845516037,0.0,38494.502963995736,0.0,47751.30787562652,0.0,874781.8270341012,0.0,85615.02621348272,0.0,1137123.8678374407,0.0,231096.30995807977,0.0,83522.817635977,0.0,13110.990281176772,0.0,0.0,0.0,0.0,38235.066878598445,56306.30860471292,0.0,18852.445385431532,0.0,26398.420355879156,0.0,17310.434549330144,0.0,55103.29406028305,0.0,846721.3436926275,0.0,39701.887828629544,0.0,0.0,0.0,182996.7358229211,0.0,0.0,0.0,0.0,105432.31035984223,0.0,701466.4223891911,373302.03165759926,0.0,0.0,0.0,122645.90700770197,0.0,95728.16837623363,0.0,45055.777711336734,0.0,0.0,0.0
0.0,0.0,199949.77304110955,0.0,0.0,0.0,0.0,3183.307660784634,540632.4808249208,0.0,217313.29563882266,0.0,0.0,0.0,0.0,20579.594222917287,0.0,0.0,0.0,696071.2439252032,0.0,179383.833862586,0.0,56052.83173671139,0.0,0.0,0.0,0.0,0.0,539474.8005212492,0.0,115783.31992483414,0.0,27107.8281897935,0.0,21915.378227655794,0.0,110004.1591791253,0.0,212942.69033923355,0.0,94089.31553812002,0.0,0.0,0.0,41.42645992171212,0.0,6682.197805717769,0.0,142602.11289144674,0.0,50803.93167836037,0.0,394486.07837130176,0.0,18432.860414700335,0.0,0.0,0.0,287187.683582308,652197.3108891449,0.0,140991.303564102,0.0,0.0,15781.000035096436,0.0,96509.93365895034,0.0,14051.358078622296,0.0,336132.4451253946,0.0,324965.0600679938,0.0,47944.24054548636,0.0,149247.7313665853,0.0,509838.74862398463,0.0,1190957.1754967598,0.0,0.0,0.0,0.0,110949.61023634278,0.0,0.0,1420873.2507856248,0.0,213614.06764663645,0.0,197767.97868581343,0.0,0.0,0.0,0.0,0.0,118641.84090204918
0.0,0.0,0.0,283454.8625543698,2668429.719271511,0.0,1263533.9677536527,0.0,0.0,0.0,0.0,71739.6109854251,2616206.006926493,0.0,3934489.133366768,0.0,0.0,0.0,1563908.767386056,0.0,22.948181593875397,0.0,0.0,0.0,0.0,0.0,0.0,0.0,336658.7947641097,0.0,1143326.321537672,0.0,310988.18886518804,0.0,290320.6652085928,0.0,0.0,0.0,594365.2726490118,0.0,261506.89381449655,0.0,74000.57356382147,0.0,712836.014180207,0.0,2069885.1540881507,0.0,107021.84359913574,0.0,1279114.4324566578,0.0,1248.713771205893,0.0,59333.23166402502,0.0,3594045.029998798,0.0,647324.1269737865,0.0,0.0,0.0,0.0,1233726.3108136824,448359.460646285,0.0,1178254.2820503179,0.0,2392298.3896120107,0.0,790272.3922580427,0.0,5839279.827788811,0.0,4814.65158612194,0.0,617854.8427079562,0.0,0.0,0.0,674034.6972360518,0.0,0.0,0.0,0.0,2459035.477120174,0.0,119330.18857796903,55576.08113334783,0.0,0.0,0.0,3526716.786632682,0.0,365375.59062972333,0.0,2439558.6694793124,0.0,0.0,0.0
0.0,0.0,283475.7358117355,0.0,0.0,0.0,0.0,16341.895875413258,337430.57379202126,0.0,229797.6261884232,0.0,0.0,0.0,0.0,23358.730097456926,0.0,0.0,0.0,533858.6085117878,0.0,96574.90249256522,0.0,221642.72452925955,0.0,100959.96354546741,0.0,336658.7947641097,0.0,0.0,0.0,0.0,0.0,4296.388970178663,0.0,74.04315579420435,0.0,256279.95053786074,0.0,115404.13094917692,0.0,125527.2157949332,0.0,0.0,0.0,38198.48198173304,0.0,21516.748955773233,0.0,47488.18665683533,0.0,91359.27813051722,0.0,506419.73278585915,0.0,13630.733460392792,0.0,0.0,0.0,124425.10452170503,336865.5076307997,0.0,149643.0204061017,0.0,0.0,26053.601247279053,0.0,100267.64990027735,0.0,30418.051396744333,0.0,110800.85006481395,0.0,158259.18973677215,0.0,22736.542797597584,0.0,90825.48622216289,0.0,446453.7241179978,0.0,801336.4471275129,0.0,0.0,0.0,0.0,79553.18513843112,0.0,0.0,993053.7030241699,0.0,135952.8938131478,0.0,78887.67193656605,0.0,0.0,0.0,0.0,0.0,120555.91354643687
0.0,0.0,0.0,57320.669078262814,961701.215919501,0.0,301873.6196356962,0.0,0.0,0.0,0.0,41637.48263407044,1168730.9527940245,0.0,1574677.2805733671,0.0,0.0,0.0,611933.5118219402,0.0,111937.89162721057,0.0,0.0,0.0,522319.0062994866,0.0,539474.8005212492,0.0,0.0,0.0,0.0,0.0,433665.7917089707,0.0,580113.6575392259,0.0,0.0,0.0,596606.1560831988,0.0,46191.32590825126,0.0,6644.416518286551,0.0,198553.9802688514,0.0,1295916.4147155369,0.0,17.482553858111384,0.0,1204714.7155880826,0.0,26780.77714313662,0.0,38226.579620072574,0.0,1742408.9128216496,0.0,283050.4476005167,0.0,0.0,0.0,0.0,783221.57125897,65631.4486278045,0.0,732874.5581190689,0.0,1839826.7650647112,0.0,699266.5955845115,0.0,3234029.602264617,0.0,71947.28953002949,0.0,169599.11382727232,0.0,0.0,0.0,41769.88674030875,0.0,0.0,0.0,0.0,440098.02649042907,0.0,4900.8991511868735,31199.265079937588,0.0,0.0,0.0,795699.8272765751,0.0,49831.72261049267,0.0,822997.2852647768,0.0,0.0,0.0
0.0,0.0,71968.14216367001,0.0,0.0,0.0,0.0,73357.96048788133,29285.802358295397,0.0,35201.719603693375,0.0,0.0,0.0,0.0,57824.77200554371,0.0,0.0,0.0,33020.98231123891,0.0,69149.5749667191,0.0,230835.56061897686,0.0,189.31968702665426,0.0,1143326.321537672,0.0,0.0,0.0,0.0,0.0,9392.452512053766,0.0,36489.65206453178,0.0,99045.60280242722,0.0,1316.2429994997165,0.0,48288.665247144614,0.0,0.0,0.0,162880.97624142375,0.0,20186.00331095911,0.0,94336.25480126064,0.0,40812.84932363047,0.0,137527.41268921152,0.0,139707.17016544036,0.0,0.0,0.0,567654.0310002761,76645.48985691267,0.0,277180.9263082978,0.0,0.0,22242.724517940376,0.0,35337.8476421269,0.0,58803.77631740835,0.0,227060.90376024682,0.0,5185.973935944301,0.0,5662.120106469956,0.0,7961.055362076321,0.0,61729.77801024624,0.0,88422.11189009922,0.0,0.0,0.0,0.0,32756.641056779463,0.0,0.0,116556.08545323137,0.0,322645.801643864,0.0,417566.2046019752,0.0,0.0,0.0,0.0,0.0,59164.22355721711
0.0,0.0,0.0,21877.54986949934,385815.57419136143,0.0,63488.30268046309,0.0,0.0,0.0,0.0,74.3174781651588,336805.5296693954,0.0,629829.411456112,0.0,0.0,0.0,129050.48967674398,0.0,139957.32145181068,0.0,0.0,0.0,75075.21153774843,0.0,115783.31992483414,0.0,0.0,0.0,0.0,0.0,15342.925073469693,0.0,49630.83488011517,0.0,0.0,0.0,38390.74349090811,0.0,4113.1066466612665,0.0,8843.466490165032,0.0,32288.366565064847,0.0,270869.9193958021,0.0,68777.1226388161,0.0,155646.37582193612,0.0,66947.50074706017,0.0,1263.0156733767121,0.0,660389.0472524455,0.0,18470.92269227079,0.0,0.0,0.0,0.0,130082.28179207958,16233.973727443969,0.0,107907.90244269915,0.0,335890.84884140396,0.0,51829.67407452818,0.0,1304907.6719580046,0.0,21567.018118322147,0.0,30650.31535751777,0.0,0.0,0.0,55734.65314801866,0.0,0.0,0.0,0.0,340761.08489321737,0.0,39406.374382749134,10699.874596441376,0.0,0.0,0.0,709745.4358569522,0.0,11937.300209445659,0.0,312358.7779772256,0.0,0.0,0.0
0.0,0.0,345529.5286545643,0.0,0.0,0.0,0.0,19233.045971760068,148633.96333852335,0.0,203553.62523432617,0.0,0.0,0.0,0.0,309.5051317498913,0.0,0.0,0.0,584620.544242718,0.0,45165.90531729796,0.0,91086.90987852454,0.0,141010.93053893352,0.0,310988.18886518804,0.0,433665.7917089707,0.0,15342.925073469693,0.0,0.0,0.0,0.0,0.0,269567.0473785484,0.0,101836.62178058569,0.0,78744.38550376234,0.0,0.0,0.0,17828.061764686507,0.0,21556.3030248636,0.0,56027.406430239855,0.0,83307.77551761697,0.0,792263.3347477866,0.0,2385.223275238119,0.0,0.0,0.0,147930.45246897638,341731.63860185246,0.0,107390.67213769334,0.0,0.0,53630.10852036786,0.0,90649.21511988682,0.0,23774.39154025958,0.0,178392.02081969767,0.0,168614.4970567241,0.0,15725.865961734806,0.0,27109.18882098588,0.0,492645.4490734888,0.0,810659.9275380233,0.0,0.0,0.0,0.0,104337.09134374045,0.0,0.0,1349257.7997147595,0.0,123064.24011390399,0.0,53207.335350020854,0.0,0.0,0.0,0.0,0.0,106809.34235331631
0.0,0.0,0.0,258313.72016227437,132812.05170490377,0.0,128435.38316235822,0.0,0.0,0.0,0.0,75979.10433552356,71658.586946158,0.0,192398.9066242294,0.0,0.0,0.0,27896.092673654362,0.0,737072.0650463812,0.0,0.0,0.0,18504.91647848572,0.0,27107.8281897935,0.0,4296.388970178663,0.0,9392.452512053766,0.0,0.0,0.0,0.0,0.0,0.0,0.0,132.4230163560607,0.0,75412.44353909045,0.0,252729.99312707214,0.0,50158.007961933996,0.0,25286.569619198268,0.0,726726.2203684312,0.0,5692.432356415157,0.0,519205.63979805075,0.0,91489.96928832796,0.0,186175.75177526328,0.0,14241.25594518824,0.0,0.0,0.0,0.0,4952.1446831553885,66993.85887620563,0.0,5884.554548364026,0.0,21093.025665580157,0.0,549.1938287648226,0.0,278444.63213619066,0.0,301207.484865134,0.0,64979.94428168492,0.0,0.0,0.0,282554.62441681395,0.0,0.0,0.0,0.0,435423.731392608,0.0,559388.4513060099,194801.70914847226,0.0,0.0,0.0,623548.6503249088,0.0,113290.4051598843,0.0,138300.87124226626,0.0,0.0,0.0
0.0,0.0,665064.9741360396,0.0,0.0,0.0,0.0,28013.23252610662,369577.88040721335,0.0,423293.76977266464,0.0,0.0,0.0,0.0,4144.126469401119,0.0,0.0,0.0,1102840.1755011897,0.0,124022.73999746452,0.0,185547.6827073414,0.0,358797.91712083213,0.0,290320.6652085928,0.0,580113.6575392259,0.0,49630.83488011517,0.0,0.0,0.0,0.0,0.0,473955.031197877,0.0,262867.4474639194,0.0,224411.7330738685,0.0,0.0,0.0,16105.506211389751,0.0,71140.53373775151,0.0,130791.95037970957,0.0,144900.28701847803,0.0,1324494.5202202853,0.0,1167.418612490735,0.0,0.0,0.0,152812.96352157887,690647.8760108191,0.0,164829.42422558166,0.0,0.0,133623.90913109167,0.0,200383.10959673784,0.0,43936.22560442197,0.0,296980.1052724486,0.0,406517.7627648929,0.0,67934.78688430853,0.0,106316.34390438211,0.0,987665.3178890134,0.0,1504760.2775970618,0.0,0.0,0.0,0.0,262898.7174254055,0.0,0.0,2329736.1566896406,0.0,179121.47069058075,0.0,52457.984889313084,0.0,0.0,0.0,0.0,0.0,268348.87781337555
0.0,0.0,0.0,169064.98943776288,139013.5116864628,0.0,264599.1674146255,0.0,0.0,0.0,0.0,53229.35108143169,114501.72184204472,0.0,325618.96375150874,0.0,0.0,0.0,85410.01363748468,0.0,552853.6177754786,0.0,0.0,0.0,4017.2879370556184,0.0,21915.378227655794,0.0,74.04315579420435,0.0,36489.65206453178,0.0,0.0,0.0,0.0,0.0,0.0,0.0,2086.181185159151,0.0,55265.14639937,0.0,127541.29364194887,0.0,54224.4161182144,0.0,30939.14612886079,0.0,432253.00618171017,0.0,7899.457787936227,0.0,325222.070745209,0.0,65393.7136805834,0.0,175308.3801373911,0.0,42153.44611822885,0.0,0.0,0.0,0.0,3704.316947591852,48397.01252914248,0.0,7047.055378548419,0.0,45858.27304040345,0.0,6790.457531678464,0.0,354669.9338108714,0.0,187001.58155501826,0.0,117763.56621165309,0.0,0.0,0.0,338797.45872057904,0.0,0.0,0.0,0.0,647296.4535152573,0.0,354665.9956307013,143493.51460855635,0.0,0.0,0.0,884467.4366083078,0.0,81193.53514363013,0.0,212076.0519984344,0.0,0.0,0.0
0.0,0.0,0.0,0.0,0.0,0.0,0.0,0.0,0.0,0.0,0.0,0.0,0.0,0.0,0.0,0.0,0.0,0.0,0.0,0.0,0.0,0.0,0.0,0.0,0.0,0.0,0.0,0.0,0.0,0.0,0.0,0.0,0.0,0.0,0.0,0.0,0.0,0.0,0.0,0.0,0.0,0.0,0.0,0.0,0.0,0.0,0.0,0.0,0.0,0.0,0.0,0.0,0.0,0.0,0.0,0.0,0.0,0.0,0.0,0.0,0.0,0.0,0.0,0.0,0.0,0.0,0.0,0.0,0.0,0.0,0.0,0.0,0.0,0.0,0.0,0.0,0.0,0.0,0.0,0.0,0.0,0.0,0.0,0.0,0.0,0.0,0.0,0.0,0.0,0.0,0.0,0.0,0.0,0.0,0.0,0.0,0.0,0.0,0.0,0.0
0.0,0.0,0.0,240705.11842901164,2839.000431491906,0.0,129075.14476181642,0.0,0.0,0.0,0.0,732971.6746786695,4530.342450524874,0.0,43424.995372916295,0.0,0.0,0.0,47528.646762089236,0.0,3583090.5542929247,0.0,0.0,0.0,113101.9351886976,0.0,110004.1591791253,0.0,256279.95053786074,0.0,99045.60280242722,0.0,269567.0473785484,0.0,473955.031197877,0.0,0.0,0.0,0.0,0.0,287184.67950013257,0.0,717143.5284849447,0.0,63611.30305212129,0.0,19840.66778990941,0.0,1678282.794535369,0.0,126333.49347620798,0.0,2349166.57682106,0.0,855411.5945151842,0.0,58.83290729544889,0.0,86723.6913829116,0.0,0.0,0.0,0.0,43051.92443733842,181668.10560786008,0.0,26161.797872027026,0.0,76097.32498705786,0.0,121352.49932538284,0.0,52203.32228656928,0.0,1864212.840477688,0.0,370183.760990298,0.0,0.0,0.0,701413.8998427186,0.0,0.0,0.0,0.0,304592.2532127508,0.0,1179696.8953190208,1282794.3837765972,0.0,0.0,0.0,390669.8072939109,0.0,215142.3187620223,0.0,22582.69786972004,0.0,0.0,0.0
0.0,0.0,143864.116893023,0.0,0.0,0.0,0.0,15189.03085120434,98740.88300418812,0.0,76760.89511106981,0.0,0.0,0.0,0.0,5428.571636677252,0.0,0.0,0.0,208999.25190494634,0.0,77827.77590693155,0.0,218713.07885898405,0.0,21305.786477448728,0.0,594365.2726490118,0.0,596606.1560831988,0.0,38390.74349090811,0.0,132.4230163560607,0.0,2086.181185159151,0.0,0.0,0.0,0.0,0.0,56068.727777582644,0.0,0.0,0.0,30762.31920147607,0.0,7086.674119882249,0.0,51422.13016967577,0.0,36916.113168427415,0.0,285292.44195957005,0.0,23011.400003312017,0.0,0.0,0.0,285765.34147607826,188039.35280873795,0.0,228677.7988921402,0.0,0.0,9486.522388336773,0.0,33281.90309193652,0.0,13087.297820382675,0.0,165688.05086610967,0.0,40433.13265506974,0.0,1787.3130577486081,0.0,13169.466122235819,0.0,179619.35484932875,0.0,371966.9006266595,0.0,0.0,0.0,0.0,53201.65278747597,0.0,0.0,521286.28392992145,0.0,244232.30838345762,0.0,193148.1455047096,0.0,0.0,0.0,0.0,0.0,82961.18705101503
0.0,0.0,0.0,198987.46028621204,16606.61688712024,0.0,12898.439381170974,0.0,0.0,0.0,0.0,232637.21460842347,4802.31996925619,0.0,9108.168592767788,0.0,0.0,0.0,158.03127987098782,0.0,1950827.7361822077,0.0,0.0,0.0,115137.25162241588,0.0,212942.69033923355,0.0,115404.13094917692,0.0,1316.2429994997165,0.0,101836.62178058569,0.0,262867.4474639194,0.0,0.0,0.0,0.0,0.0,78492.92493163387,0.0,337485.24196149374,0.0,14244.672655309489,0.0,33648.53747708309,0.0,835544.8105349635,0.0,68400.48498593716,0.0,1206136.5742366496,0.0,270319.5925650928,0.0,41875.12716129715,0.0,6527.252714649452,0.0,0.0,0.0,0.0,59327.03725511414,41732.53381130485,0.0,26147.292381781972,0.0,18167.943976630617,0.0,12923.328940050762,0.0,55711.756862591654,0.0,883744.7423389761,0.0,59097.29686986984,0.0,0.0,0.0,188134.52048866462,0.0,0.0,0.0,0.0,93492.59977012611,0.0,613218.1880493877,438596.72658845637,0.0,0.0,0.0,177273.22525676756,0.0,61842.8885165984,0.0,16232.25263485298,0.0,0.0,0.0
0.0,0.0,217277.3454834706,0.0,0.0,0.0,0.0,108535.06775476449,24551.782777715176,0.0,220898.58525262895,0.0,0.0,0.0,0.0,58185.01222345457,0.0,0.0,0.0,361006.521303739,0.0,40.92201272792303,0.0,17476.089731311964,0.0,92265.59471644173,0.0,261506.89381449655,0.0,46191.32590825126,0.0,4113.1066466612665,0.0,75412.44353909045,0.0,55265.14639937,0.0,287184.67950013257,0.0,78492.92493163387,0.0,0.0,0.0,0.0,0.0,197252.3149173017,0.0,90769.04640529465,0.0,20252.191187250482,0.0,204855.10990578833,0.0,895472.3968482956,0.0,74620.14335332988,0.0,0.0,0.0,114933.9706621847,20445.93607206713,0.0,9351.29078806458,0.0,0.0,137395.1744563542,0.0,284182.7285025409,0.0,199668.73043545248,0.0,20995.27279851307,0.0,40696.51590753105,0.0,85080.11307732138,0.0,22841.225251116644,0.0,213032.59530725807,0.0,162127.55680655225,0.0,0.0,0.0,0.0,21432.731464594886,0.0,0.0,367237.52737783396,0.0,19099.27679280146,0.0,44359.498906347755,0.0,0.0,0.0,0.0,0.0,4845.332498649579
0.0,0.0,0.0,17630.467191683703,19440.43578918038,0.0,16830.74564087195,0.0,0.0,0.0,0.0,55655.70314416018,21097.055214621523,0.0,67268.81026349202,0.0,0.0,0.0,16101.227657075597,0.0,861408.9730371432,0.0,0.0,0.0,80356.39952220273,0.0,94089.31553812002,0.0,125527.2157949332,0.0,48288.665247144614,0.0,78744.38550376234,0.0,224411.7330738685,0.0,0.0,0.0,56068.727777582644,0.0,0.0,0.0,0.0,0.0,36.2626739460765,0.0,58940.08830801636,0.0,241798.70847319043,0.0,108252.17086207273,0.0,448836.98168620176,0.0,68754.01103962911,0.0,76767.1656746419,0.0,4689.075260076122,0.0,0.0,0.0,0.0,44016.540570550525,2926.0528870785256,0.0,18352.281378395328,0.0,109186.24788778645,0.0,56391.99426800762,0.0,239772.4963087816,0.0,350189.32666548894,0.0,24988.1936111629,0.0,0.0,0.0,59422.005757463674,0.0,0.0,0.0,0.0,71538.50229109303,0.0,140923.88799986537,141063.3714835902,0.0,0.0,0.0,146933.46125725086,0.0,3965.9787983790998,0.0,16267.281700155912,0.0,0.0,0.0
0.0,0.0,623525.6148541509,0.0,0.0,0.0,0.0,238957.6770322121,207649.29932339312,0.0,697332.1646819799,0.0,0.0,0.0,0.0,176329.53875479673,0.0,0.0,0.0,1056121.542570876,0.0,15387.368981586751,0.0,10883.504908340588,0.0,388870.2845516037,0.0,74000.57356382147,0.0,6644.416518286551,0.0,8843.466490165032,0.0,252729.99312707214,0.0,127541.29364194887,0.0,717143.5284849447,0.0,337485.24196149374,0.0,0.0,0.0,0.0,0.0,144832.11338367703,0.0,241604.3506519738,0.0,15302.035044689226,0.0,592075.5481321488,0.0,1961274.2520152028,0.0,179879.44242874053,0.0,0.0,0.0,16514.674566710943,85347.51646817662,0.0,31.977852648991195,0.0,0.0,350227.01837797917,0.0,821573.0449400216,0.0,506703.1502823186,0.0,13358.0380965362,0.0,160652.5795132091,0.0,306165.40618390165,0.0,137841.09522515256,0.0,630393.1365377966,0.0,523560.3927220582,0.0,0.0,0.0,0.0,27594.37221680514,0.0,0.0,842748.6154520048,0.0,821.6572959287531,0.0,28227.56193306809,0.0,0.0,0.0,0.0,0.0,24639.939872068397
0.0,0.0,0.0,0.0,0.0,0.0,0.0,0.0,0.0,0.0,0.0,0.0,0.0,0.0,0.0,0.0,0.0,0.0,0.0,0.0,0.0,0.0,0.0,0.0,0.0,0.0,0.0,0.0,0.0,0.0,0.0,0.0,0.0,0.0,0.0,0.0,0.0,0.0,0.0,0.0,0.0,0.0,0.0,0.0,0.0,0.0,0.0,0.0,0.0,0.0,0.0,0.0,0.0,0.0,0.0,0.0,0.0,0.0,0.0,0.0,0.0,0.0,0.0,0.0,0.0,0.0,0.0,0.0,0.0,0.0,0.0,0.0,0.0,0.0,0.0,0.0,0.0,0.0,0.0,0.0,0.0,0.0,0.0,0.0,0.0,0.0,0.0,0.0,0.0,0.0,0.0,0.0,0.0,0.0,0.0,0.0,0.0,0.0,0.0,0.0
0.0,0.0,36159.83344999762,0.0,0.0,0.0,0.0,58572.444720428175,18170.169179918623,0.0,42555.46221785742,0.0,0.0,0.0,0.0,45825.30978063903,0.0,0.0,0.0,85969.37165561048,0.0,17201.46633737623,0.0,19095.18668332035,0.0,38494.502963995736,0.0,712836.014180207,0.0,198553.9802688514,0.0,32288.366565064847,0.0,50158.007961933996,0.0,54224.4161182144,0.0,63611.30305212129,0.0,14244.672655309489,0.0,36.2626739460765,0.0,0.0,0.0,0.0,0.0,0.0,0.0,41393.957508434396,0.0,58999.05370946373,0.0,284120.4088506481,0.0,119971.57063614314,0.0,0.0,0.0,286370.4504142047,35760.62189098286,0.0,70155.78430562507,0.0,0.0,29809.973247130587,0.0,96784.3540096534,0.0,92667.60467171477,0.0,121123.36840529573,0.0,18540.605703105648,0.0,36272.23302345704,0.0,2888.66841050525,0.0,32293.307853346145,0.0,78489.41616619841,0.0,0.0,0.0,0.0,828.8720492888394,0.0,0.0,137765.0314394165,0.0,107804.24036754397,0.0,231329.6040299137,0.0,0.0,0.0,0.0,0.0,1358.2037051521668
0.0,0.0,0.0,61058.2383063124,195359.00153200992,0.0,600774.6340198199,0.0,0.0,0.0,0.0,149134.96314395874,211934.6232705025,0.0,668057.7446815993,0.0,0.0,0.0,275082.6082502091,0.0,785502.5159159115,0.0,0.0,0.0,4998.619539770506,0.0,41.42645992171212,0.0,38198.48198173304,0.0,162880.97624142375,0.0,17828.061764686507,0.0,16105.506211389751,0.0,0.0,0.0,30762.31920147607,0.0,197252.3149173017,0.0,144832.11338367703,0.0,0.0,0.0,0.0,0.0,617172.8583241184,0.0,12960.444145724206,0.0,484880.50547466334,0.0,176567.26133893064,0.0,141982.01315142683,0.0,133947.62240425177,0.0,0.0,0.0,0.0,13371.943231106812,124688.887112812,0.0,11971.3351406732,0.0,103972.10935791925,0.0,48217.501083389536,0.0,490037.7156699209,0.0,287655.2308657601,0.0,371350.09007447434,0.0,0.0,0.0,810479.7317356569,0.0,0.0,0.0,0.0,1293094.003960359,0.0,367219.39269534656,339775.6074305249,0.0,0.0,0.0,1658751.0138298697,0.0,127034.08491058592,0.0,408189.8983097862,0.0,0.0,0.0
0.0,0.0,61841.82566873588,0.0,0.0,0.0,0.0,5516.562524790762,151071.1370810127,0.0,19505.94778834225,0.0,0.0,0.0,0.0,36987.921995955374,0.0,0.0,0.0,180059.5657793559,0.0,167423.59691835186,0.0,175553.11322548616,0.0,47751.30787562652,0.0,2069885.1540881507,0.0,1295916.4147155369,0.0,270869.9193958021,0.0,25286.569619198268,0.0,30939.14612886079,0.0,19840.66778990941,0.0,33648.53747708309,0.0,58940.08830801636,0.0,0.0,0.0,0.0,0.0,0.0,0.0,403511.4915403235,0.0,42.35081152113972,0.0,103294.8202950114,0.0,64459.253965456955,0.0,0.0,0.0,1089163.3189119855,558985.9937299591,0.0,489447.943135781,0.0,0.0,1860.7694429635071,0.0,3377.508340585877,0.0,4374.71761766559,0.0,875923.1606693116,0.0,200076.67919108112,0.0,10059.984203970096,0.0,29944.072826425327,0.0,186478.29776547797,0.0,605518.6208791786,0.0,0.0,0.0,0.0,140082.04835034139,0.0,0.0,901540.972532612,0.0,716276.9185120855,0.0,766002.9206971689,0.0,0.0,0.0,0.0,0.0,139685.32603122227
0.0,0.0,0.0,90669.41800210308,35201.844918098825,0.0,169857.7914472708,0.0,0.0,0.0,0.0,187888.05877082155,24183.563185471365,0.0,151043.79465233439,0.0,0.0,0.0,48087.66751011694,0.0,1358676.6024966387,0.0,0.0,0.0,9783.213906644287,0.0,6682.197805717769,0.0,21516.748955773233,0.0,20186.00331095911,0.0,21556.3030248636,0.0,71140.53373775151,0.0,0.0,0.0,7086.674119882249,0.0,90769.04640529465,0.0,241604.3506519738,0.0,0.0,0.0,0.0,0.0,883600.6873631828,0.0,5066.184166079644,0.0,878110.0210002661,0.0,245726.24325117664,0.0,36969.09530419559,0.0,27566.775018144253,0.0,0.0,0.0,0.0,756.8393750903981,71619.95427230888,0.0,30.360689999201043,0.0,11056.40417049577,0.0,5393.4541732442,0.0,134924.26094159915,0.0,552255.2257002743,0.0,176827.07371776522,0.0,0.0,0.0,472842.560512769,0.0,0.0,0.0,0.0,496851.20810432604,0.0,555593.765022206,478240.97581093793,0.0,0.0,0.0,689475.7334820179,0.0,83855.9005256563,0.0,81517.20010969657,0.0,0.0,0.0
0.0,0.0,1325052.2344920412,0.0,0.0,0.0,0.0,921234.7947746452,381175.80083979917,0.0,1582631.5934015159,0.0,0.0,0.0,0.0,691381.9087993609,0.0,0.0,0.0,1819895.1348660993,0.0,71252.07904330609,0.0,109090.65511265368,0.0,874781.8270341012,0.0,107021.84359913574,0.0,17.482553858111384,0.0,68777.1226388161,0.0,726726.2203684312,0.0,432253.00618171017,0.0,1678282.794535369,0.0,835544.8105349635,0.0,241798.70847319043,0.0,0.0,0.0,617172.8583241184,0.0,883600.6873631828,0.0,0.0,0.0,0.0,0.0,3730482.389381772,0.0,682490.9546612655,0.0,0.0,0.0,40002.83299346064,52094.84321509891,0.0,10959.295373318131,0.0,0.0,1070542.429999056,0.0,2056254.781748728,0.0,1515170.703137014,0.0,21773.76947763963,0.0,290290.6280992606,0.0,875693.4228982197,0.0,460627.19004985393,0.0,1101756.8633452645,0.0,524738.7085802353,0.0,0.0,0.0,0.0,99073.44939248462,0.0,0.0,824707.5354913753,0.0,4285.336891919695,0.0,74176.04695993639,0.0,0.0,0.0,0.0,0.0,99168.42460495069
0.0,0.0,0.0,40546.27137407198,446813.951564807,0.0,90278.85154276612,0.0,0.0,0.0,0.0,686.3106559735227,417980.74528757733,0.0,707457.5371639326,0.0,0.0,0.0,159584.0417929737,0.0,102538.90097860082,0.0,0.0,0.0,129109.12085870598,0.0,142602.11289144674,0.0,47488.18665683533,0.0,94336.25480126064,0.0,56027.406430239855,0.0,130791.95037970957,0.0,0.0,0.0,51422.13016967577,0.0,20252.191187250482,0.0,15302.035044689226,0.0,41393.957508434396,0.0,403511.4915403235,0.0,0.0,0.0,0.0,0.0,36307.395475660756,0.0,36.28302617072643,0.0,815938.9509810226,0.0,31742.366111901378,0.0,0.0,0.0,0.0,172890.44644251774,15541.113699264992,0.0,161282.96346978343,0.0,476804.8472431202,0.0,77916.7601157166,0.0,1467242.14535612,0.0,24246.010258412294,0.0,17773.065960371954,0.0,0.0,0.0,39222.97683367772,0.0,0.0,0.0,0.0,290585.57790894643,0.0,43768.29567083866,2363.696634635257,0.0,0.0,0.0,550478.2908415871,0.0,14939.941120420262,0.0,329861.0383312964,0.0,0.0,0.0
0.0,0.0,191773.81168464938,0.0,0.0,0.0,0.0,7263.501887335929,260156.7366867594,0.0,89660.96085359415,0.0,0.0,0.0,0.0,7112.576188553103,0.0,0.0,0.0,372886.53006853064,0.0,171602.32643348674,0.0,266515.2147733092,0.0,85615.02621348272,0.0,1279114.4324566578,0.0,1204714.7155880826,0.0,155646.37582193612,0.0,5692.432356415157,0.0,7899.457787936227,0.0,126333.49347620798,0.0,68400.48498593716,0.0,108252.17086207273,0.0,0.0,0.0,12960.444145724206,0.0,5066.184166079644,0.0,0.0,0.0,0.0,0.0,247046.65267333225,0.0,15566.37596068589,0.0,0.0,0.0,667303.6554284072,595612.9915991733,0.0,423332.7386533617,0.0,0.0,6637.94708934853,0.0,11538.015778412991,0.0,40.16927849945721,0.0,605930.6072929776,0.0,217181.03564450738,0.0,5147.363112909966,0.0,50045.61794521767,0.0,365546.25118477555,0.0,882317.349563491,0.0,0.0,0.0,0.0,158594.32446540636,0.0,0.0,1192858.8875547422,0.0,546771.4395783867,0.0,420658.1874980628,0.0,0.0,0.0,0.0,0.0,188233.8664233822
0.0,0.0,0.0,221757.1000552466,42828.414175259924,0.0,146083.63352361886,0.0,0.0,0.0,0.0,473935.1652859928,9854.24650429433,0.0,98674.93546566754,0.0,0.0,0.0,38061.749585261845,0.0,2694723.424038984,0.0,0.0,0.0,33158.797347027226,0.0,50803.93167836037,0.0,91359.27813051722,0.0,40812.84932363047,0.0,83307.77551761697,0.0,144900.28701847803,0.0,0.0,0.0,36916.113168427415,0.0,204855.10990578833,0.0,592075.5481321488,0.0,58999.05370946373,0.0,42.35081152113972,0.0,0.0,0.0,0.0,0.0,1872468.9791616797,0.0,619829.8868549551,0.0,10189.21652820099,0.0,47582.50341878854,0.0,0.0,0.0,0.0,6663.699213845908,196241.05249331126,0.0,3889.3285623074526,0.0,3549.977843634161,0.0,21822.6415248558,0.0,89067.15002190252,0.0,1270249.037155868,0.0,346573.2317634522,0.0,0.0,0.0,768223.3042631291,0.0,0.0,0.0,0.0,612677.1480038782,0.0,1107805.368022535,1022536.0047562956,0.0,0.0,0.0,921799.4955261187,0.0,215378.6116864851,0.0,98870.99801098465,0.0,0.0,0.0
0.0,0.0,2133180.882741523,0.0,0.0,0.0,0.0,883757.295774318,874991.392789721,0.0,2182139.2038388345,0.0,0.0,0.0,0.0,525547.4933708599,0.0,0.0,0.0,3016829.2768641673,0.0,170530.75913255377,0.0,168923.88165099843,0.0,1137123.8678374407,0.0,1248.713771205893,0.0,26780.77714313662,0.0,66947.50074706017,0.0,519205.63979805075,0.0,325222.070745209,0.0,2349166.57682106,0.0,1206136.5742366496,0.0,448836.98168620176,0.0,0.0,0.0,484880.50547466334,0.0,878110.0210002661,0.0,36307.395475660756,0.0,1872468.9791616797,0.0,0.0,0.0,0.0,0.0,0.0,0.0,404.3026984322104,378341.39151638583,0.0,21012.331383322868,0.0,0.0,1176432.925371875,0.0,2087080.1728734258,0.0,1292305.4527266072,0.0,19482.13428137452,0.0,498830.50384593324,0.0,805188.5856791832,0.0,632214.1111350076,0.0,2015488.233853687,0.0,1646748.5034490633,0.0,0.0,0.0,0.0,237320.6792967299,0.0,0.0,2207903.885263389,0.0,8751.524901034758,0.0,8245.474261049156,0.0,0.0,0.0,0.0,0.0,236681.49020158962
0.0,0.0,0.0,1006877.6938765291,60107.55852450902,0.0,356352.6338484733,0.0,0.0,0.0,0.0,1736912.9902232054,30029.62608602104,0.0,78135.43850384577,0.0,0.0,0.0,113642.75708956062,0.0,6497377.982286741,0.0,0.0,0.0,473859.59027570474,0.0,394486.07837130176,0.0,506419.73278585915,0.0,137527.41268921152,0.0,792263.3347477866,0.0,1324494.5202202853,0.0,0.0,0.0,285292.44195957005,0.0,895472.3968482956,0.0,1961274.2520152028,0.0,284120.4088506481,0.0,103294.8202950114,0.0,3730482.389381772,0.0,247046.65267333225,0.0,0.0,0.0,0.0,0.0,54187.02167171319,0.0,315792.33497718273,0.0,0.0,0.0,0.0,97030.26506134192,617368.2805621745,0.0,97483.19316503716,0.0,47017.60666160568,0.0,229834.0636385315,0.0,58.52707471942394,0.0,3819408.1074286466,0.0,778262.9416811042,0.0,0.0,0.0,1520454.7866474492,0.0,0.0,0.0,0.0,564176.161182749,0.0,2920834.641879564,2574382.3103196174,0.0,0.0,0.0,508845.08572012105,0.0,698910.4497173051,0.0,94908.74810778073,0.0,0.0,0.0
0.0,0.0,702296.7429117633,0.0,0.0,0.0,0.0,298655.5249415077,133263.80154264127,0.0,665474.1336819888,0.0,0.0,0.0,0.0,129216.79368125214,0.0,0.0,0.0,935952.567643414,0.0,16374.759951610351,0.0,49627.65303956619,0.0,231096.30995807977,0.0,59333.23166402502,0.0,38226.579620072574,0.0,1263.0156733767121,0.0,91489.96928832796,0.0,65393.7136805834,0.0,855411.5945151842,0.0,270319.5925650928,0.0,68754.01103962911,0.0,0.0,0.0,176567.26133893064,0.0,245726.24325117664,0.0,36.28302617072643,0.0,619829.8868549551,0.0,0.0,0.0,0.0,0.0,0.0,0.0,19196.820972661968,42990.62048940204,0.0,14614.918834726283,0.0,0.0,331996.75326350343,0.0,655404.234150752,0.0,417841.9995479587,0.0,987.5899903954562,0.0,46459.91511608673,0.0,153793.06002057684,0.0,97219.88673126539,0.0,558346.9711649473,0.0,369825.9212974757,0.0,0.0,0.0,0.0,22164.564851013904,0.0,0.0,600215.1076386631,0.0,5841.259209942073,0.0,9805.390047186258,0.0,0.0,0.0,0.0,0.0,25568.08970979714
0.0,0.0,0.0,181978.5864157086,412857.5119232855,0.0,257506.4297602665,0.0,0.0,0.0,0.0,68651.42319570552,258485.18467154144,0.0,661319.2564356482,0.0,0.0,0.0,151672.64260021705,0.0,579042.9436579586,0.0,0.0,0.0,8132.3678214790725,0.0,18432.860414700335,0.0,13630.733460392792,0.0,139707.17016544036,0.0,2385.223275238119,0.0,1167.418612490735,0.0,0.0,0.0,23011.400003312017,0.0,74620.14335332988,0.0,179879.44242874053,0.0,119971.57063614314,0.0,64459.253965456955,0.0,682490.9546612655,0.0,15566.37596068589,0.0,0.0,0.0,0.0,0.0,358908.95572873694,0.0,44488.89221401008,0.0,0.0,0.0,0.0,47496.31324924867,181637.35921662004,0.0,43269.017821517424,0.0,116768.45808210649,0.0,24633.099807851537,0.0,998529.6599634837,0.0,179214.76592275593,0.0,314918.2053676484,0.0,0.0,0.0,620029.7320326839,0.0,0.0,0.0,0.0,1205156.029490836,0.0,468285.94917083555,302509.3341655256,0.0,0.0,0.0,1962559.0912798895,0.0,197530.75704588112,0.0,524948.6587146726,0.0,0.0,0.0
0.0,0.0,3636.329603198422,0.0,0.0,0.0,0.0,65229.190898033485,154309.32755719707,0.0,6908.621741479442,0.0,0.0,0.0,0.0,219346.90046888508,0.0,0.0,0.0,71945.81915340942,0.0,346895.44047969725,0.0,289722.88350002456,0.0,83522.817635977,0.0,3594045.029998798,0.0,1742408.9128216496,0.0,660389.0472524455,0.0,186175.75177526328,0.0,175308.3801373911,0.0,58.83290729544889,0.0,41875.12716129715,0.0,76767.1656746419,0.0,0.0,0.0,141982.01315142683,0.0,36969.09530419559,0.0,815938.9509810226,0.0,10189.21652820099,0.0,54187.02167171319,0.0,358908.95572873694,0.0,0.0,0.0,0.0,613229.389865227,0.0,857270.7086902087,0.0,0.0,22458.78360660935,0.0,60184.939628589214,0.0,105003.88962779133,0.0,1481064.1067485942,0.0,274069.5378567808,0.0,109715.60862692341,0.0,74745.86443820826,0.0,40673.260900517664,0.0,294470.94357922464,0.0,0.0,0.0,0.0,174042.93367012026,0.0,0.0,352365.0464741851,0.0,1257019.8128702124,0.0,1626439.03831928,0.0,0.0,0.0,0.0,0.0,182114.09195734578
0.0,0.0,0.0,0.0,0.0,0.0,0.0,0.0,0.0,0.0,0.0,0.0,0.0,0.0,0.0,0.0,0.0,0.0,0.0,0.0,0.0,0.0,0.0,0.0,0.0,0.0,0.0,0.0,0.0,0.0,0.0,0.0,0.0,0.0,0.0,0.0,0.0,0.0,0.0,0.0,0.0,0.0,0.0,0.0,0.0,0.0,0.0,0.0,0.0,0.0,0.0,0.0,0.0,0.0,0.0,0.0,0.0,0.0,0.0,0.0,0.0,0.0,0.0,0.0,0.0,0.0,0.0,0.0,0.0,0.0,0.0,0.0,0.0,0.0,0.0,0.0,0.0,0.0,0.0,0.0,0.0,0.0,0.0,0.0,0.0,0.0,0.0,0.0,0.0,0.0,0.0,0.0,0.0,0.0,0.0,0.0,0.0,0.0,0.0,0.0
0.0,0.0,63270.78950770884,0.0,0.0,0.0,0.0,47200.347852171544,7849.510933486334,0.0,44910.12663739246,0.0,0.0,0.0,0.0,12742.51152261745,0.0,0.0,0.0,107129.57833970146,0.0,12151.748244104943,0.0,55886.21868815296,0.0,13110.990281176772,0.0,647324.1269737865,0.0,283050.4476005167,0.0,18470.92269227079,0.0,14241.25594518824,0.0,42153.44611822885,0.0,86723.6913829116,0.0,6527.252714649452,0.0,4689.075260076122,0.0,0.0,0.0,133947.62240425177,0.0,27566.775018144253,0.0,31742.366111901378,0.0,47582.50341878854,0.0,315792.33497718273,0.0,44488.89221401008,0.0,0.0,0.0,0.0,53724.28329697352,0.0,86520.84505441335,0.0,0.0,49382.50030301274,0.0,52239.499702657384,0.0,55728.45023179473,0.0,116067.72638246557,0.0,10981.814468111395,0.0,13737.781036085451,0.0,146.67714826223954,0.0,68900.70966671385,0.0,126649.6965857805,0.0,0.0,0.0,0.0,8576.790707399508,0.0,0.0,273656.1805522005,0.0,119730.86985864947,0.0,164253.57027624795,0.0,0.0,0.0,0.0,0.0,12507.619710775452
0.0,0.0,0.0,90067.43182845824,1364615.2886233213,0.0,730840.0837835631,0.0,0.0,0.0,0.0,30933.411411090245,1394620.678808743,0.0,2283766.4463049388,0.0,0.0,0.0,799971.4767336597,0.0,4390.05354801535,0.0,0.0,0.0,302704.23942654626,0.0,287187.683582308,0.0,124425.10452170503,0.0,567654.0310002761,0.0,147930.45246897638,0.0,152812.96352157887,0.0,0.0,0.0,285765.34147607826,0.0,114933.9706621847,0.0,16514.674566710943,0.0,286370.4504142047,0.0,1089163.3189119855,0.0,40002.83299346064,0.0,667303.6554284072,0.0,404.3026984322104,0.0,19196.820972661968,0.0,0.0,0.0,0.0,0.0,0.0,0.0,0.0,579105.3149984647,158499.24798463006,0.0,537825.9731419927,0.0,1372070.480952506,0.0,411184.3529772813,0.0,3472171.470972975,0.0,2758.701124651717,0.0,310546.1417803402,0.0,0.0,0.0,406397.48706913175,0.0,0.0,0.0,0.0,1467128.4703366086,0.0,44971.366512202294,17500.078833349635,0.0,0.0,0.0,2131862.260944318,0.0,123617.20128742611,0.0,1288956.2677726955,0.0,0.0,0.0
0.0,0.0,0.0,113026.89469895471,211210.10346486332,0.0,18228.159537778043,0.0,0.0,0.0,0.0,56182.67866703861,240646.1375609818,0.0,316536.35875038273,0.0,0.0,0.0,79922.98565622632,0.0,765552.0165450566,0.0,0.0,0.0,476200.8318703947,0.0,652197.3108891449,0.0,336865.5076307997,0.0,76645.48985691267,0.0,341731.63860185246,0.0,690647.8760108191,0.0,0.0,0.0,188039.35280873795,0.0,20445.93607206713,0.0,85347.51646817662,0.0,35760.62189098286,0.0,558985.9937299591,0.0,52094.84321509891,0.0,595612.9915991733,0.0,378341.39151638583,0.0,42990.62048940204,0.0,613229.389865227,0.0,53724.28329697352,0.0,0.0,0.0,0.0,0.0,20354.161518059187,0.0,292950.4890516626,0.0,606985.2911560801,0.0,231620.43929751992,0.0,996855.4569950189,0.0,300851.21594005276,0.0,8672.09252565212,0.0,0.0,0.0,179.0774697372806,0.0,0.0,0.0,0.0,29847.52985053864,0.0,69691.56845308011,46264.559199824405,0.0,0.0,0.0,102959.47304531507,0.0,20523.514070984762,0.0,121877.67305657391,0.0,0.0,0.0
0.0,0.0,0.0,0.0,0.0,0.0,0.0,0.0,0.0,0.0,0.0,0.0,0.0,0.0,0.0,0.0,0.0,0.0,0.0,0.0,0.0,0.0,0.0,0.0,0.0,0.0,0.0,0.0,0.0,0.0,0.0,0.0,0.0,0.0,0.0,0.0,0.0,0.0,0.0,0.0,0.0,0.0,0.0,0.0,0.0,0.0,0.0,0.0,0.0,0.0,0.0,0.0,0.0,0.0,0.0,0.0,0.0,0.0,0.0,0.0,0.0,0.0,0.0,0.0,0.0,0.0,0.0,0.0,0.0,0.0,0.0,0.0,0.0,0.0,0.0,0.0,0.0,0.0,0.0,0.0,0.0,0.0,0.0,0.0,0.0,0.0,0.0,0.0,0.0,0.0,0.0,0.0,0.0,0.0,0.0,0.0,0.0,0.0,0.0,0.0
0.0,0.0,0.0,4610.523623270625,504224.03073954413,0.0,188105.6109207139,0.0,0.0,0.0,0.0,6083.202976078213,569576.6827106529,0.0,976320.6596481078,0.0,0.0,0.0,290167.7126409441,0.0,86226.76331195634,0.0,0.0,0.0,122376.9565050622,0.0,140991.303564102,0.0,149643.0204061017,0.0,277180.9263082978,0.0,107390.67213769334,0.0,164829.42422558166,0.0,0.0,0.0,228677.7988921402,0.0,9351.29078806458,0.0,31.977852648991195,0.0,70155.78430562507,0.0,489447.943135781,0.0,10959.295373318131,0.0,423332.7386533617,0.0,21012.331383322868,0.0,14614.918834726283,0.0,857270.7086902087,0.0,86520.84505441335,0.0,0.0,0.0,0.0,0.0,24837.038576571984,0.0,229662.6838126303,0.0,798435.6004571572,0.0,271874.3314804344,0.0,1886152.3530229768,0.0,35866.44378684828,0.0,105707.26272720945,0.0,0.0,0.0,77572.87083665497,0.0,0.0,0.0,0.0,481955.40327244153,0.0,2860.4378775913997,20466.838304096134,0.0,0.0,0.0,882886.0297271037,0.0,15099.857549340031,0.0,494737.8051213514,0.0,0.0,0.0
0.0,0.0,62020.51482655706,0.0,0.0,0.0,0.0,4181.592298978258,242059.53417619003,0.0,49878.11432838349,0.0,0.0,0.0,0.0,21561.801189572907,0.0,0.0,0.0,245022.66439116636,0.0,128843.09022982646,0.0,153990.67566693074,0.0,38235.066878598445,0.0,1233726.3108136824,0.0,783221.57125897,0.0,130082.28179207958,0.0,4952.1446831553885,0.0,3704.316947591852,0.0,43051.92443733842,0.0,59327.03725511414,0.0,44016.540570550525,0.0,0.0,0.0,13371.943231106812,0.0,756.8393750903981,0.0,172890.44644251774,0.0,6663.699213845908,0.0,97030.26506134192,0.0,47496.31324924867,0.0,0.0,0.0,579105.3149984647,0.0,0.0,0.0,0.0,0.0,190.41330608095103,0.0,11526.744294716824,0.0,2823.287149204852,0.0,422763.0640340323,0.0,123302.05033695465,0.0,3663.775720988825,0.0,59642.617067409,0.0,174843.49161085556,0.0,567268.1045752373,0.0,0.0,0.0,0.0,56086.824191218984,0.0,0.0,661939.1926335667,0.0,390552.9656441311,0.0,437820.5148835642,0.0,0.0,0.0,0.0,0.0,69505.70965877804
0.0,0.0,117612.33763858167,0.0,0.0,0.0,0.0,139243.9762596907,29657.02225943625,0.0,151984.8630845918,0.0,0.0,0.0,0.0,105162.57201276883,0.0,0.0,0.0,214537.56922699552,0.0,9563.6528015997,0.0,11940.473216470198,0.0,56306.30860471292,0.0,448359.460646285,0.0,65631.4486278045,0.0,16233.973727443969,0.0,66993.85887620563,0.0,48397.01252914248,0.0,181668.10560786008,0.0,41732.53381130485,0.0,2926.0528870785256,0.0,0.0,0.0,124688.887112812,0.0,71619.95427230888,0.0,15541.113699264992,0.0,196241.05249331126,0.0,617368.2805621745,0.0,181637.35921662004,0.0,0.0,0.0,158499.24798463006,20354.161518059187,0.0,24837.038576571984,0.0,0.0,0.0,0.0,0.0,0.0,210090.1668978058,0.0,44706.5537716863,0.0,14467.530603165482,0.0,71048.98894374329,0.0,16488.42913813506,0.0,93918.53251662856,0.0,90697.20094373114,0.0,0.0,0.0,0.0,71.81231913561854,0.0,0.0,148863.52156045684,0.0,38355.1151346349,0.0,141732.49175456061,0.0,0.0,0.0,0.0,0.0,633.0245017603096
0.0,0.0,0.0,153401.41728496435,28083.77012098118,0.0,214828.72776234272,0.0,0.0,0.0,0.0,270812.6531120321,21656.8755552223,0.0,147748.37056803892,0.0,0.0,0.0,64232.698195866484,0.0,1806460.8503673368,0.0,0.0,0.0,19670.903861426967,0.0,15781.000035096436,0.0,26053.601247279053,0.0,22242.724517940376,0.0,53630.10852036786,0.0,133623.90913109167,0.0,0.0,0.0,9486.522388336773,0.0,137395.1744563542,0.0,350227.01837797917,0.0,29809.973247130587,0.0,1860.7694429635071,0.0,1070542.429999056,0.0,6637.94708934853,0.0,1176432.925371875,0.0,331996.75326350343,0.0,22458.78360660935,0.0,49382.50030301274,0.0,0.0,0.0,0.0,190.41330608095103,0.0,0.0,0.0,0.0,3746.6798985042506,0.0,5725.366809527605,0.0,57835.623544495356,0.0,822024.8131105293,0.0,193180.25262873754,0.0,0.0,0.0,544917.8487751074,0.0,0.0,0.0,0.0,518620.92736227764,0.0,718781.8629685277,580331.3682404156,0.0,0.0,0.0,655703.3658206025,0.0,101895.12127150115,0.0,78394.05624939172,0.0,0.0,0.0
0.0,0.0,33970.759816284975,0.0,0.0,0.0,0.0,5574.992124921366,128804.41719646408,0.0,23165.016453360964,0.0,0.0,0.0,0.0,12247.568410223357,0.0,0.0,0.0,143943.5164945291,0.0,72011.91150406521,0.0,90011.92513740835,0.0,18852.445385431532,0.0,1178254.2820503179,0.0,732874.5581190689,0.0,107907.90244269915,0.0,5884.554548364026,0.0,7047.055378548419,0.0,26161.797872027026,0.0,26147.292381781972,0.0,18352.281378395328,0.0,0.0,0.0,11971.3351406732,0.0,30.360689999201043,0.0,161282.96346978343,0.0,3889.3285623074526,0.0,97483.19316503716,0.0,43269.017821517424,0.0,0.0,0.0,537825.9731419927,292950.4890516626,0.0,229662.6838126303,0.0,0.0,0.0,0.0,0.0,0.0,4963.781594095406,0.0,426955.5905915075,0.0,85256.19396401363,0.0,2818.910494332284,0.0,19405.158525492312,0.0,101412.99296811748,0.0,379145.09294676373,0.0,0.0,0.0,0.0,40497.99721266421,0.0,0.0,491561.11239059595,0.0,351844.3413968216,0.0,372520.4881027146,0.0,0.0,0.0,0.0,0.0,47499.853676399245
0.0,0.0,0.0,447440.4888914209,72243.23100125263,0.0,137126.01468709,0.0,0.0,0.0,0.0,518216.91347463743,16657.335973293437,0.0,64342.09629079804,0.0,0.0,0.0,28847.103668545707,0.0,2834878.357132607,0.0,0.0,0.0,74321.42386740758,0.0,96509.93365895034,0.0,100267.64990027735,0.0,35337.8476421269,0.0,90649.21511988682,0.0,200383.10959673784,0.0,0.0,0.0,33281.90309193652,0.0,284182.7285025409,0.0,821573.0449400216,0.0,96784.3540096534,0.0,3377.508340585877,0.0,2056254.781748728,0.0,11538.015778412991,0.0,2087080.1728734258,0.0,655404.234150752,0.0,60184.939628589214,0.0,52239.499702657384,0.0,0.0,0.0,0.0,11526.744294716824,0.0,0.0,0.0,0.0,18.937316192639983,0.0,16686.566173018902,0.0,54400.06160090641,0.0,1397181.935913119,0.0,338097.77086801524,0.0,0.0,0.0,834280.2211729307,0.0,0.0,0.0,0.0,569932.7222018143,0.0,1490474.261485706,1082521.4883426586,0.0,0.0,0.0,782938.0029023127,0.0,304678.1391771059,0.0,104048.24398922022,0.0,0.0,0.0
0.0,0.0,85929.35711424175,0.0,0.0,0.0,0.0,31727.011921413083,118844.41980016234,0.0,17916.033811956084,0.0,0.0,0.0,0.0,49968.136180244575,0.0,0.0,0.0,95154.70698141468,0.0,281126.2503380084,0.0,431066.3920937701,0.0,26398.420355879156,0.0,2392298.3896120107,0.0,1839826.7650647112,0.0,335890.84884140396,0.0,21093.025665580157,0.0,45858.27304040345,0.0,76097.32498705786,0.0,18167.943976630617,0.0,109186.24788778645,0.0,0.0,0.0,103972.10935791925,0.0,11056.40417049577,0.0,476804.8472431202,0.0,3549.977843634161,0.0,47017.60666160568,0.0,116768.45808210649,0.0,0.0,0.0,1372070.480952506,606985.2911560801,0.0,798435.6004571572,0.0,0.0,3746.6798985042506,0.0,18.937316192639983,0.0,0.0,0.0,0.0,0.0,172128.36419718387,0.0,5833.528560806893,0.0,26803.41227271996,0.0,148709.89667895262,0.0,487515.3007064832,0.0,0.0,0.0,0.0,203326.9577206413,0.0,0.0,676388.7872457226,0.0,1020957.1985414493,0.0,968971.4626118708,0.0,0.0,0.0,0.0,0.0,219887.38644306367
0.0,0.0,0.0,303941.9411395389,156234.07360630488,0.0,280008.07847237244,0.0,0.0,0.0,0.0,307758.4496188195,69579.25258968998,0.0,280156.47299809346,0.0,0.0,0.0,82775.95740889604,0.0,1761471.6957090246,0.0,0.0,0.0,15377.549599205737,0.0,14051.358078622296,0.0,30418.051396744333,0.0,58803.77631740835,0.0,23774.39154025958,0.0,43936.22560442197,0.0,0.0,0.0,13087.297820382675,0.0,199668.73043545248,0.0,506703.1502823186,0.0,92667.60467171477,0.0,4374.71761766559,0.0,1515170.703137014,0.0,40.16927849945721,0.0,1292305.4527266072,0.0,417841.9995479587,0.0,105003.88962779133,0.0,55728.45023179473,0.0,0.0,0.0,0.0,2823.287149204852,210090.1668978058,0.0,4963.781594095406,0.0,0.0,0.0,0.0,0.0,246253.75246340694,0.0,785073.5330116902,0.0,345226.41672066116,0.0,0.0,0.0,837975.9936218914,0.0,0.0,0.0,0.0,958374.8042276351,0.0,1051947.663704775,750586.9456037448,0.0,0.0,0.0,1324750.8659750377,0.0,254511.22870297433,0.0,242737.50957095582,0.0,0.0,0.0
0.0,0.0,120524.12318633814,0.0,0.0,0.0,0.0,14400.991256966181,85327.6068058924,0.0,48880.969187812414,0.0,0.0,0.0,0.0,5654.0124790216505,0.0,0.0,0.0,159553.5298999788,0.0,88377.64526050552,0.0,224460.27346878982,0.0,17310.434549330144,0.0,790272.3922580427,0.0,699266.5955845115,0.0,51829.67407452818,0.0,549.1938287648226,0.0,6790.457531678464,0.0,121352.49932538284,0.0,12923.328940050762,0.0,56391.99426800762,0.0,0.0,0.0,48217.501083389536,0.0,5393.4541732442,0.0,77916.7601157166,0.0,21822.6415248558,0.0,229834.0636385315,0.0,24633.099807851537,0.0,0.0,0.0,411184.3529772813,231620.43929751992,0.0,271874.3314804344,0.0,0.0,5725.366809527605,0.0,16686.566173018902,0.0,0.0,0.0,0.0,0.0,50478.25593935326,0.0,80.80438810041193,0.0,14558.464685137737,0.0,161910.27835080767,0.0,379972.844895654,0.0,0.0,0.0,0.0,62045.054007082246,0.0,0.0,575460.1087062348,0.0,304210.2467437064,0.0,258006.7995609151,0.0,0.0,0.0,0.0,0.0,87388.77397703985
0.0,0.0,0.0,75328.11209063124,826886.2489478134,0.0,188382.48303409194,0.0,0.0,0.0,0.0,6004.840422912546,821557.6038904847,0.0,1211984.9510283475,0.0,0.0,0.0,350746.29119948583,0.0,68582.8890228789,0.0,0.0,0.0,332063.6032024806,0.0,336132.4451253946,0.0,110800.85006481395,0.0,227060.90376024682,0.0,178392.02081969767,0.0,296980.1052724486,0.0,0.0,0.0,165688.05086610967,0.0,20995.27279851307,0.0,13358.0380965362,0.0,121123.36840529573,0.0,875923.1606693116,0.0,21773.76947763963,0.0,605930.6072929776,0.0,19482.13428137452,0.0,987.5899903954562,0.0,1481064.1067485942,0.0,116067.72638246557,0.0,0.0,0.0,0.0,422763.0640340323,44706.5537716863,0.0,426955.5905915075,0.0,0.0,0.0,0.0,0.0,2424756.365126523,0.0,24355.8289288234,0.0,39314.691636252865,0.0,0.0,0.0,44713.34597706687,0.0,0.0,0.0,0.0,413549.8633144528,0.0,46555.947016902515,25.15560272328743,0.0,0.0,0.0,723827.4021223302,0.0,34735.83551537501,0.0,610162.1830529757,0.0,0.0,0.0
0.0,0.0,40863.2771255984,0.0,0.0,0.0,0.0,344021.64924304094,262827.91582621064,0.0,20024.63111833219,0.0,0.0,0.0,0.0,613853.5011341328,0.0,0.0,0.0,63742.32012966696,0.0,824962.393180289,0.0,931292.0529091405,0.0,55103.29406028305,0.0,5839279.827788811,0.0,3234029.602264617,0.0,1304907.6719580046,0.0,278444.63213619066,0.0,354669.9338108714,0.0,52203.32228656928,0.0,55711.756862591654,0.0,239772.4963087816,0.0,0.0,0.0,490037.7156699209,0.0,134924.26094159915,0.0,1467242.14535612,0.0,89067.15002190252,0.0,58.52707471942394,0.0,998529.6599634837,0.0,0.0,0.0,3472171.470972975,996855.4569950189,0.0,1886152.3530229768,0.0,0.0,57835.623544495356,0.0,54400.06160090641,0.0,246253.75246340694,0.0,2424756.365126523,0.0,0.0,0.0,0.0,0.0,199224.24990599824,0.0,59389.6324231101,0.0,329696.230530399,0.0,0.0,0.0,0.0,446799.27458579006,0.0,0.0,261832.9282469561,0.0,2447339.4559225473,0.0,3000100.824100282,0.0,0.0,0.0,0.0,0.0,451221.9881317487
0.0,0.0,0.0,182198.02096670668,96204.99721812349,0.0,17857.71404253394,0.0,0.0,0.0,0.0,57908.821960939895,74170.74265077244,0.0,107654.52851252662,0.0,0.0,0.0,10840.853887346075,0.0,892754.4059511058,0.0,0.0,0.0,235916.50827151112,0.0,324965.0600679938,0.0,158259.18973677215,0.0,5185.973935944301,0.0,168614.4970567241,0.0,406517.7627648929,0.0,0.0,0.0,40433.13265506974,0.0,40696.51590753105,0.0,160652.5795132091,0.0,18540.605703105648,0.0,200076.67919108112,0.0,290290.6280992606,0.0,217181.03564450738,0.0,498830.50384593324,0.0,46459.91511608673,0.0,274069.5378567808,0.0,10981.814468111395,0.0,0.0,0.0,0.0,123302.05033695465,14467.530603165482,0.0,85256.19396401363,0.0,172128.36419718387,0.0,50478.25593935326,0.0,0.0,0.0,0.0,0.0,295.14275791555775,0.0,0.0,0.0,30010.96016183144,0.0,0.0,0.0,0.0,47511.00364863954,0.0,268014.04755332763,71112.00649532082,0.0,0.0,0.0,72607.69697979192,0.0,39280.00633540438,0.0,53691.808317252966,0.0,0.0,0.0
0.0,0.0,1768946.8360872483,0.0,0.0,0.0,0.0,559437.8331312682,557958.2339024381,0.0,1627211.8092870144,0.0,0.0,0.0,0.0,237689.41580104758,0.0,0.0,0.0,2453552.9114135737,0.0,81850.79565001253,0.0,150204.21667635074,0.0,846721.3436926275,0.0,4814.65158612194,0.0,71947.28953002949,0.0,21567.018118322147,0.0,301207.484865134,0.0,187001.58155501826,0.0,1864212.840477688,0.0,883744.7423389761,0.0,350189.32666548894,0.0,0.0,0.0,287655.2308657601,0.0,552255.2257002743,0.0,24246.010258412294,0.0,1270249.037155868,0.0,3819408.1074286466,0.0,179214.76592275593,0.0,0.0,0.0,2758.701124651717,300851.21594005276,0.0,35866.44378684828,0.0,0.0,822024.8131105293,0.0,1397181.935913119,0.0,785073.5330116902,0.0,24355.8289288234,0.0,0.0,0.0,0.0,0.0,378058.50105869933,0.0,1730277.8123985203,0.0,1429025.9195695943,0.0,0.0,0.0,0.0,197542.3274268928,0.0,0.0,2178148.074139178,0.0,17956.8062446738,0.0,298.9033990782395,0.0,0.0,0.0,0.0,0.0,206912.4394682168
0.0,0.0,0.0,236332.24231304944,81442.180986948,0.0,94517.21953519691,0.0,0.0,0.0,0.0,116429.95503903998,31031.859726782703,0.0,107813.44806902605,0.0,0.0,0.0,16371.291610254735,0.0,1141436.4999331138,0.0,0.0,0.0,26124.177342199564,0.0,47944.24054548636,0.0,22736.542797597584,0.0,5662.120106469956,0.0,15725.865961734806,0.0,67934.78688430853,0.0,0.0,0.0,1787.3130577486081,0.0,85080.11307732138,0.0,306165.40618390165,0.0,36272.23302345704,0.0,10059.984203970096,0.0,875693.4228982197,0.0,5147.363112909966,0.0,805188.5856791832,0.0,153793.06002057684,0.0,109715.60862692341,0.0,13737.781036085451,0.0,0.0,0.0,0.0,3663.775720988825,71048.98894374329,0.0,2818.910494332284,0.0,5833.528560806893,0.0,80.80438810041193,0.0,0.0,0.0,0.0,0.0,84824.7343426859,0.0,0.0,0.0,327644.4702111302,0.0,0.0,0.0,0.0,391344.1093671754,0.0,640787.495772596,306096.50859331066,0.0,0.0,0.0,594547.3490224767,0.0,104109.30482129537,0.0,88908.3155837849,0.0,0.0,0.0
0.0,0.0,228362.45226220152,0.0,0.0,0.0,0.0,311988.86945027165,19235.07318604345,0.0,228510.96140030943,0.0,0.0,0.0,0.0,189448.9925926655,0.0,0.0,0.0,231138.86972267588,0.0,22182.07945451269,0.0,126607.15912049229,0.0,39701.887828629544,0.0,617854.8427079562,0.0,169599.11382727232,0.0,30650.31535751777,0.0,64979.94428168492,0.0,117763.56621165309,0.0,370183.760990298,0.0,59097.29686986984,0.0,24988.1936111629,0.0,0.0,0.0,371350.09007447434,0.0,176827.07371776522,0.0,17773.065960371954,0.0,346573.2317634522,0.0,778262.9416811042,0.0,314918.2053676484,0.0,0.0,0.0,310546.1417803402,8672.09252565212,0.0,105707.26272720945,0.0,0.0,193180.25262873754,0.0,338097.77086801524,0.0,345226.41672066116,0.0,39314.691636252865,0.0,295.14275791555775,0.0,84824.7343426859,0.0,0.0,0.0,0.0,0.0,39810.17237172887,0.0,0.0,0.0,0.0,8236.139804235276,0.0,0.0,63881.325753214245,0.0,98790.08937309994,0.0,225315.6635621382,0.0,0.0,0.0,0.0,0.0,22552.126492754345
0.0,0.0,0.0,73793.55632772247,27430.277178723878,0.0,5747.3105907546,0.0,0.0,0.0,0.0,66214.36070330096,13839.980319184397,0.0,56598.40053331946,0.0,0.0,0.0,2349.236930176342,0.0,1050379.0555501229,0.0,0.0,0.0,62363.31052911017,0.0,149247.7313665853,0.0,90825.48622216289,0.0,7961.055362076321,0.0,27109.18882098588,0.0,106316.34390438211,0.0,0.0,0.0,13169.466122235819,0.0,22841.225251116644,0.0,137841.09522515256,0.0,2888.66841050525,0.0,29944.072826425327,0.0,460627.19004985393,0.0,50045.61794521767,0.0,632214.1111350076,0.0,97219.88673126539,0.0,74745.86443820826,0.0,146.67714826223954,0.0,0.0,0.0,0.0,59642.617067409,16488.42913813506,0.0,19405.158525492312,0.0,26803.41227271996,0.0,14558.464685137737,0.0,199224.24990599824,0.0,378058.50105869933,0.0,0.0,0.0,0.0,0.0,117461.61102117764,0.0,0.0,0.0,0.0,134385.63004545806,0.0,295812.01141158416,202516.99296237744,0.0,0.0,0.0,296964.16208608204,0.0,23158.95864388186,0.0,27448.644293390982,0.0,0.0,0.0
0.0,0.0,0.0,0.0,0.0,0.0,0.0,0.0,0.0,0.0,0.0,0.0,0.0,0.0,0.0,0.0,0.0,0.0,0.0,0.0,0.0,0.0,0.0,0.0,0.0,0.0,0.0,0.0,0.0,0.0,0.0,0.0,0.0,0.0,0.0,0.0,0.0,0.0,0.0,0.0,0.0,0.0,0.0,0.0,0.0,0.0,0.0,0.0,0.0,0.0,0.0,0.0,0.0,0.0,0.0,0.0,0.0,0.0,0.0,0.0,0.0,0.0,0.0,0.0,0.0,0.0,0.0,0.0,0.0,0.0,0.0,0.0,0.0,0.0,0.0,0.0,0.0,0.0,0.0,0.0,0.0,0.0,0.0,0.0,0.0,0.0,0.0,0.0,0.0,0.0,0.0,0.0,0.0,0.0,0.0,0.0,0.0,0.0,0.0,0.0
0.0,0.0,0.0,313204.35519825574,3467.2127185071295,0.0,17501.217223146392,0.0,0.0,0.0,0.0,550100.781066713,8730.414344909788,0.0,2890.6648379053345,0.0,0.0,0.0,24312.85797796726,0.0,3241676.178141919,0.0,0.0,0.0,472682.2730709687,0.0,509838.74862398463,0.0,446453.7241179978,0.0,61729.77801024624,0.0,492645.4490734888,0.0,987665.3178890134,0.0,0.0,0.0,179619.35484932875,0.0,213032.59530725807,0.0,630393.1365377966,0.0,32293.307853346145,0.0,186478.29776547797,0.0,1101756.8633452645,0.0,365546.25118477555,0.0,2015488.233853687,0.0,558346.9711649473,0.0,40673.260900517664,0.0,68900.70966671385,0.0,0.0,0.0,0.0,174843.49161085556,93918.53251662856,0.0,101412.99296811748,0.0,148709.89667895262,0.0,161910.27835080767,0.0,59389.6324231101,0.0,1730277.8123985203,0.0,0.0,0.0,0.0,0.0,251088.00043261115,0.0,0.0,0.0,0.0,24573.87574614102,0.0,843448.552276444,782244.2672195865,0.0,0.0,0.0,34498.959186246895,0.0,108072.93320323472,0.0,103.96098165203937,0.0,0.0,0.0
0.0,0.0,422366.23774810217,0.0,0.0,0.0,0.0,677042.328302681,49612.49864003972,0.0,495324.6516016035,0.0,0.0,0.0,0.0,435285.6823520251,0.0,0.0,0.0,489848.7240303395,0.0,20155.87974320739,0.0,125186.67717705728,0.0,182996.7358229211,0.0,674034.6972360518,0.0,41769.88674030875,0.0,55734.65314801866,0.0,282554.62441681395,0.0,338797.45872057904,0.0,701413.8998427186,0.0,188134.52048866462,0.0,59422.005757463674,0.0,0.0,0.0,810479.7317356569,0.0,472842.560512769,0.0,39222.97683367772,0.0,768223.3042631291,0.0,1520454.7866474492,0.0,620029.7320326839,0.0,0.0,0.0,406397.48706913175,179.0774697372806,0.0,77572.87083665497,0.0,0.0,544917.8487751074,0.0,834280.2211729307,0.0,837975.9936218914,0.0,44713.34597706687,0.0,30010.96016183144,0.0,327644.4702111302,0.0,117461.61102117764,0.0,251088.00043261115,0.0,0.0,0.0,0.0,0.0,0.0,33403.06028965865,0.0,0.0,121386.58557703518,0.0,74208.16704840891,0.0,242600.6280861157,0.0,0.0,0.0,0.0,0.0,29012.813004351672
0.0,0.0,0.0,400610.9792278814,60694.0571015523,0.0,18106.52297943773,0.0,0.0,0.0,0.0,402391.36386874143,89672.59228003505,0.0,30807.37448355597,0.0,0.0,0.0,55940.437003465326,0.0,2750160.359768755,0.0,0.0,0.0,982579.546252978,0.0,1190957.1754967598,0.0,801336.4471275129,0.0,88422.11189009922,0.0,810659.9275380233,0.0,1504760.2775970618,0.0,0.0,0.0,371966.9006266595,0.0,162127.55680655225,0.0,523560.3927220582,0.0,78489.41616619841,0.0,605518.6208791786,0.0,524738.7085802353,0.0,882317.349563491,0.0,1646748.5034490633,0.0,369825.9212974757,0.0,294470.94357922464,0.0,126649.6965857805,0.0,0.0,0.0,0.0,567268.1045752373,90697.20094373114,0.0,379145.09294676373,0.0,487515.3007064832,0.0,379972.844895654,0.0,329696.230530399,0.0,1429025.9195695943,0.0,39810.17237172887,0.0,0.0,0.0,0.0,0.0,0.0,0.0,0.0,110.37811686280438,0.0,484525.7241200913,438376.46868286293,0.0,0.0,0.0,2202.5924434740646,0.0,102170.07627539325,0.0,11474.795532071103,0.0,0.0,0.0
0.0,0.0,0.0,0.0,0.0,0.0,0.0,0.0,0.0,0.0,0.0,0.0,0.0,0.0,0.0,0.0,0.0,0.0,0.0,0.0,0.0,0.0,0.0,0.0,0.0,0.0,0.0,0.0,0.0,0.0,0.0,0.0,0.0,0.0,0.0,0.0,0.0,0.0,0.0,0.0,0.0,0.0,0.0,0.0,0.0,0.0,0.0,0.0,0.0,0.0,0.0,0.0,0.0,0.0,0.0,0.0,0.0,0.0,0.0,0.0,0.0,0.0,0.0,0.0,0.0,0.0,0.0,0.0,0.0,0.0,0.0,0.0,0.0,0.0,0.0,0.0,0.0,0.0,0.0,0.0,0.0,0.0,0.0,0.0,0.0,0.0,0.0,0.0,0.0,0.0,0.0,0.0,0.0,0.0,0.0,0.0,0.0,0.0,0.0,0.0
0.0,0.0,0.0,0.0,0.0,0.0,0.0,0.0,0.0,0.0,0.0,0.0,0.0,0.0,0.0,0.0,0.0,0.0,0.0,0.0,0.0,0.0,0.0,0.0,0.0,0.0,0.0,0.0,0.0,0.0,0.0,0.0,0.0,0.0,0.0,0.0,0.0,0.0,0.0,0.0,0.0,0.0,0.0,0.0,0.0,0.0,0.0,0.0,0.0,0.0,0.0,0.0,0.0,0.0,0.0,0.0,0.0,0.0,0.0,0.0,0.0,0.0,0.0,0.0,0.0,0.0,0.0,0.0,0.0,0.0,0.0,0.0,0.0,0.0,0.0,0.0,0.0,0.0,0.0,0.0,0.0,0.0,0.0,0.0,0.0,0.0,0.0,0.0,0.0,0.0,0.0,0.0,0.0,0.0,0.0,0.0,0.0,0.0,0.0,0.0
0.0,0.0,0.0,0.0,0.0,0.0,0.0,0.0,0.0,0.0,0.0,0.0,0.0,0.0,0.0,0.0,0.0,0.0,0.0,0.0,0.0,0.0,0.0,0.0,0.0,0.0,0.0,0.0,0.0,0.0,0.0,0.0,0.0,0.0,0.0,0.0,0.0,0.0,0.0,0.0,0.0,0.0,0.0,0.0,0.0,0.0,0.0,0.0,0.0,0.0,0.0,0.0,0.0,0.0,0.0,0.0,0.0,0.0,0.0,0.0,0.0,0.0,0.0,0.0,0.0,0.0,0.0,0.0,0.0,0.0,0.0,0.0,0.0,0.0,0.0,0.0,0.0,0.0,0.0,0.0,0.0,0.0,0.0,0.0,0.0,0.0,0.0,0.0,0.0,0.0,0.0,0.0,0.0,0.0,0.0,0.0,0.0,0.0,0.0,0.0
0.0,0.0,106847.1167511536,0.0,0.0,0.0,0.0,955639.194541522,29581.355206572836,0.0,173100.31959425192,0.0,0.0,0.0,0.0,761575.2972322054,0.0,0.0,0.0,66532.68229203793,0.0,141406.95661507233,0.0,359274.51610230835,0.0,105432.31035984223,0.0,2459035.477120174,0.0,440098.02649042907,0.0,340761.08489321737,0.0,435423.731392608,0.0,647296.4535152573,0.0,304592.2532127508,0.0,93492.59977012611,0.0,71538.50229109303,0.0,0.0,0.0,1293094.003960359,0.0,496851.20810432604,0.0,290585.57790894643,0.0,612677.1480038782,0.0,564176.161182749,0.0,1205156.029490836,0.0,0.0,0.0,1467128.4703366086,29847.52985053864,0.0,481955.40327244153,0.0,0.0,518620.92736227764,0.0,569932.7222018143,0.0,958374.8042276351,0.0,413549.8633144528,0.0,47511.00364863954,0.0,391344.1093671754,0.0,134385.63004545806,0.0,24573.87574614102,0.0,110.37811686280438,0.0,0.0,0.0,0.0,0.0,0.0,0.0,1527.9248508517378,0.0,525731.3771323503,0.0,1174439.694328369,0.0,0.0,0.0,0.0,0.0,77986.30179969745
0.0,0.0,0.0,12769.029291554307,56025.14118195923,0.0,26762.577371913823,0.0,0.0,0.0,0.0,22974.48463040444,68131.11070223298,0.0,149454.69158639756,0.0,0.0,0.0,21287.769573057303,0.0,529410.5498958284,0.0,0.0,0.0,106581.20296718477,0.0,110949.61023634278,0.0,79553.18513843112,0.0,32756.641056779463,0.0,104337.09134374045,0.0,262898.7174254055,0.0,0.0,0.0,53201.65278747597,0.0,21432.731464594886,0.0,27594.37221680514,0.0,828.8720492888394,0.0,140082.04835034139,0.0,99073.44939248462,0.0,158594.32446540636,0.0,237320.6792967299,0.0,22164.564851013904,0.0,174042.93367012026,0.0,8576.790707399508,0.0,0.0,0.0,0.0,56086.824191218984,71.81231913561854,0.0,40497.99721266421,0.0,203326.9577206413,0.0,62045.054007082246,0.0,446799.27458579006,0.0,197542.3274268928,0.0,8236.139804235276,0.0,0.0,0.0,33403.06028965865,0.0,0.0,0.0,0.0,0.0,0.0,0.0,49473.71321379236,0.0,0.0,0.0,160761.59653213678,0.0,1443.192157787656,0.0,45900.30258240856,0.0,0.0,0.0
0.0,0.0,953933.681784377,0.0,0.0,0.0,0.0,584578.8247832349,287880.1503801116,0.0,1139338.1020997677,0.0,0.0,0.0,0.0,435893.74620079796,0.0,0.0,0.0,1447046.4969201493,0.0,40729.29175500428,0.0,45496.541009447785,0.0,701466.4223891911,0.0,119330.18857796903,0.0,4900.8991511868735,0.0,39406.374382749134,0.0,559388.4513060099,0.0,354665.9956307013,0.0,1179696.8953190208,0.0,613218.1880493877,0.0,140923.88799986537,0.0,0.0,0.0,367219.39269534656,0.0,555593.765022206,0.0,43768.29567083866,0.0,1107805.368022535,0.0,2920834.641879564,0.0,468285.94917083555,0.0,0.0,0.0,44971.366512202294,69691.56845308011,0.0,2860.4378775913997,0.0,0.0,718781.8629685277,0.0,1490474.261485706,0.0,1051947.663704775,0.0,46555.947016902515,0.0,268014.04755332763,0.0,640787.495772596,0.0,295812.01141158416,0.0,843448.552276444,0.0,484525.7241200913,0.0,0.0,0.0,0.0,0.0,0.0,0.0,758409.5313685054,0.0,2938.6057425155686,0.0,87478.15081981345,0.0,0.0,0.0,0.0,0.0,51897.39706472047
0.0,0.0,1021385.1747353035,0.0,0.0,0.0,0.0,556129.224183649,217393.54392197978,0.0,1020508.6573226285,0.0,0.0,0.0,0.0,293093.06604427873,0.0,0.0,0.0,1272963.7223689999,0.0,32033.79532794677,0.0,104951.53772818358,0.0,373302.03165759926,0.0,55576.08113334783,0.0,31199.265079937588,0.0,10699.874596441376,0.0,194801.70914847226,0.0,143493.51460855635,0.0,1282794.3837765972,0.0,438596.72658845637,0.0,141063.3714835902,0.0,0.0,0.0,339775.6074305249,0.0,478240.97581093793,0.0,2363.696634635257,0.0,1022536.0047562956,0.0,2574382.3103196174,0.0,302509.3341655256,0.0,0.0,0.0,17500.078833349635,46264.559199824405,0.0,20466.838304096134,0.0,0.0,580331.3682404156,0.0,1082521.4883426586,0.0,750586.9456037448,0.0,25.15560272328743,0.0,71112.00649532082,0.0,306096.50859331066,0.0,202516.99296237744,0.0,782244.2672195865,0.0,438376.46868286293,0.0,0.0,0.0,0.0,49473.71321379236,0.0,0.0,0.0,0.0,0.0,0.0,18156.726093476515,0.0,0.0,0.0,0.0,0.0,55498.24818630717
0.0,0.0,0.0,573544.3167894911,73275.76179833221,0.0,73767.70911798484,0.0,0.0,0.0,0.0,741744.1654271504,163757.68108604167,0.0,49323.00921125189,0.0,0.0,0.0,127271.28747267349,0.0,3585519.801794595,0.0,0.0,0.0,1404843.9974441691,0.0,1420873.2507856248,0.0,993053.7030241699,0.0,116556.08545323137,0.0,1349257.7997147595,0.0,2329736.1566896406,0.0,0.0,0.0,521286.28392992145,0.0,367237.52737783396,0.0,842748.6154520048,0.0,137765.0314394165,0.0,901540.972532612,0.0,824707.5354913753,0.0,1192858.8875547422,0.0,2207903.885263389,0.0,600215.1076386631,0.0,352365.0464741851,0.0,273656.1805522005,0.0,0.0,0.0,0.0,661939.1926335667,148863.52156045684,0.0,491561.11239059595,0.0,676388.7872457226,0.0,575460.1087062348,0.0,261832.9282469561,0.0,2178148.074139178,0.0,63881.325753214245,0.0,0.0,0.0,121386.58557703518,0.0,0.0,0.0,0.0,1527.9248508517378,0.0,758409.5313685054,0.0,0.0,0.0,0.0,145.99975113672215,0.0,164405.39040893933,0.0,22048.656743795254,0.0,0.0,0.0
0.0,0.0,0.0,0.0,0.0,0.0,0.0,0.0,0.0,0.0,0.0,0.0,0.0,0.0,0.0,0.0,0.0,0.0,0.0,0.0,0.0,0.0,0.0,0.0,0.0,0.0,0.0,0.0,0.0,0.0,0.0,0.0,0.0,0.0,0.0,0.0,0.0,0.0,0.0,0.0,0.0,0.0,0.0,0.0,0.0,0.0,0.0,0.0,0.0,0.0,0.0,0.0,0.0,0.0,0.0,0.0,0.0,0.0,0.0,0.0,0.0,0.0,0.0,0.0,0.0,0.0,0.0,0.0,0.0,0.0,0.0,0.0,0.0,0.0,0.0,0.0,0.0,0.0,0.0,0.0,0.0,0.0,0.0,0.0,0.0,0.0,0.0,0.0,0.0,0.0,0.0,0.0,0.0,0.0,0.0,0.0,0.0,0.0,0.0,0.0
0.0,0.0,0.0,18651.63124310699,741105.1647535022,0.0,231481.33794400247,0.0,0.0,0.0,0.0,3805.294256377182,801696.6974521031,0.0,1273751.8221363237,0.0,0.0,0.0,390119.5540822288,0.0,46749.41778874519,0.0,0.0,0.0,209474.0044880109,0.0,213614.06764663645,0.0,135952.8938131478,0.0,322645.801643864,0.0,123064.24011390399,0.0,179121.47069058075,0.0,0.0,0.0,244232.30838345762,0.0,19099.27679280146,0.0,821.6572959287531,0.0,107804.24036754397,0.0,716276.9185120855,0.0,4285.336891919695,0.0,546771.4395783867,0.0,8751.524901034758,0.0,5841.259209942073,0.0,1257019.8128702124,0.0,119730.86985864947,0.0,0.0,0.0,0.0,390552.9656441311,38355.1151346349,0.0,351844.3413968216,0.0,1020957.1985414493,0.0,304210.2467437064,0.0,2447339.4559225473,0.0,17956.8062446738,0.0,98790.08937309994,0.0,0.0,0.0,74208.16704840891,0.0,0.0,0.0,0.0,525731.3771323503,0.0,2938.6057425155686,0.0,0.0,0.0,0.0,944579.9719930157,0.0,25761.42546161065,0.0,656638.7016648587,0.0,0.0,0.0
0.0,0.0,137809.005131458,0.0,0.0,0.0,0.0,1415427.042334905,107380.9422417538,0.0,271637.4520518153,0.0,0.0,0.0,0.0,1311151.0445195655,0.0,0.0,0.0,79165.44811146974,0.0,373831.48398350447,0.0,600286.8000419119,0.0,122645.90700770197,0.0,3526716.786632682,0.0,795699.8272765751,0.0,709745.4358569522,0.0,623548.6503249088,0.0,884467.4366083078,0.0,390669.8072939109,0.0,177273.22525676756,0.0,146933.46125725086,0.0,0.0,0.0,1658751.0138298697,0.0,689475.7334820179,0.0,550478.2908415871,0.0,921799.4955261187,0.0,508845.08572012105,0.0,1962559.0912798895,0.0,0.0,0.0,2131862.260944318,102959.47304531507,0.0,882886.0297271037,0.0,0.0,655703.3658206025,0.0,782938.0029023127,0.0,1324750.8659750377,0.0,723827.4021223302,0.0,72607.69697979192,0.0,594547.3490224767,0.0,296964.16208608204,0.0,34498.959186246895,0.0,2202.5924434740646,0.0,0.0,0.0,0.0,160761.59653213678,0.0,0.0,145.99975113672215,0.0,944579.9719930157,0.0,0.0,0.0,0.0,0.0,0.0,0.0,157550.98194916116
0.0,0.0,0.0,108885.45177106382,1170491.3806449585,0.0,404489.7602119873,0.0,0.0,0.0,0.0,5757.056396422651,1084767.783519871,0.0,1825368.0148125275,0.0,0.0,0.0,574184.828254208,0.0,21819.825154771876,0.0,0.0,0.0,201918.76722016843,0.0,197767.97868581343,0.0,78887.67193656605,0.0,417566.2046019752,0.0,53207.335350020854,0.0,52457.984889313084,0.0,0.0,0.0,193148.1455047096,0.0,44359.498906347755,0.0,28227.56193306809,0.0,231329.6040299137,0.0,766002.9206971689,0.0,74176.04695993639,0.0,420658.1874980628,0.0,8245.474261049156,0.0,9805.390047186258,0.0,1626439.03831928,0.0,164253.57027624795,0.0,0.0,0.0,0.0,437820.5148835642,141732.49175456061,0.0,372520.4881027146,0.0,968971.4626118708,0.0,258006.7995609151,0.0,3000100.824100282,0.0,298.9033990782395,0.0,225315.6635621382,0.0,0.0,0.0,242600.6280861157,0.0,0.0,0.0,0.0,1174439.694328369,0.0,87478.15081981345,18156.726093476515,0.0,0.0,0.0,0.0,0.0,0.0,0.0,1096221.158941043,0.0,0.0,0.0
0.0,0.0,141345.37356656374,0.0,0.0,0.0,0.0,144737.52992144378,35952.00662584169,0.0,171136.820455365,0.0,0.0,0.0,0.0,110793.69187743962,0.0,0.0,0.0,247752.2247066131,0.0,3246.494397204363,0.0,5749.402275277149,0.0,95728.16837623363,0.0,365375.59062972333,0.0,49831.72261049267,0.0,11937.300209445659,0.0,113290.4051598843,0.0,81193.53514363013,0.0,215142.3187620223,0.0,61842.8885165984,0.0,3965.9787983790998,0.0,0.0,0.0,127034.08491058592,0.0,83855.9005256563,0.0,14939.941120420262,0.0,215378.6116864851,0.0,698910.4497173051,0.0,197530.75704588112,0.0,0.0,0.0,123617.20128742611,20523.514070984762,0.0,15099.857549340031,0.0,0.0,101895.12127150115,0.0,304678.1391771059,0.0,254511.22870297433,0.0,34735.83551537501,0.0,39280.00633540438,0.0,104109.30482129537,0.0,23158.95864388186,0.0,108072.93320323472,0.0,102170.07627539325,0.0,0.0,0.0,0.0,1443.192157787656,0.0,0.0,164405.39040893933,0.0,25761.42546161065,0.0,0.0,0.0,0.0,0.0,0.0,0.0,80.85298846678045
0.0,0.0,0.0,0.0,0.0,0.0,0.0,0.0,0.0,0.0,0.0,0.0,0.0,0.0,0.0,0.0,0.0,0.0,0.0,0.0,0.0,0.0,0.0,0.0,0.0,0.0,0.0,0.0,0.0,0.0,0.0,0.0,0.0,0.0,0.0,0.0,0.0,0.0,0.0,0.0,0.0,0.0,0.0,0.0,0.0,0.0,0.0,0.0,0.0,0.0,0.0,0.0,0.0,0.0,0.0,0.0,0.0,0.0,0.0,0.0,0.0,0.0,0.0,0.0,0.0,0.0,0.0,0.0,0.0,0.0,0.0,0.0,0.0,0.0,0.0,0.0,0.0,0.0,0.0,0.0,0.0,0.0,0.0,0.0,0.0,0.0,0.0,0.0,0.0,0.0,0.0,0.0,0.0,0.0,0.0,0.0,0.0,0.0,0.0,0.0
0.0,0.0,2793.4699529622994,0.0,0.0,0.0,0.0,257829.46559692375,11150.740475512273,0.0,9732.365360652459,0.0,0.0,0.0,0.0,268962.196329799,0.0,0.0,0.0,5520.707190967913,0.0,148063.45111596148,0.0,230709.44148853654,0.0,45055.777711336734,0.0,2439558.6694793124,0.0,822997.2852647768,0.0,312358.7779772256,0.0,138300.87124226626,0.0,212076.0519984344,0.0,22582.69786972004,0.0,16232.25263485298,0.0,16267.281700155912,0.0,0.0,0.0,408189.8983097862,0.0,81517.20010969657,0.0,329861.0383312964,0.0,98870.99801098465,0.0,94908.74810778073,0.0,524948.6587146726,0.0,0.0,0.0,1288956.2677726955,121877.67305657391,0.0,494737.8051213514,0.0,0.0,78394.05624939172,0.0,104048.24398922022,0.0,242737.50957095582,0.0,610162.1830529757,0.0,53691.808317252966,0.0,88908.3155837849,0.0,27448.644293390982,0.0,103.96098165203937,0.0,11474.795532071103,0.0,0.0,0.0,0.0,45900.30258240856,0.0,0.0,22048.656743795254,0.0,656638.7016648587,0.0,1096221.158941043,0.0,0.0,0.0,0.0,0.0,0.0
0.0,0.0,0.0,0.0,0.0,0.0,0.0,0.0,0.0,0.0,0.0,0.0,0.0,0.0,0.0,0.0,0.0,0.0,0.0,0.0,0.0,0.0,0.0,0.0,0.0,0.0,0.0,0.0,0.0,0.0,0.0,0.0,0.0,0.0,0.0,0.0,0.0,0.0,0.0,0.0,0.0,0.0,0.0,0.0,0.0,0.0,0.0,0.0,0.0,0.0,0.0,0.0,0.0,0.0,0.0,0.0,0.0,0.0,0.0,0.0,0.0,0.0,0.0,0.0,0.0,0.0,0.0,0.0,0.0,0.0,0.0,0.0,0.0,0.0,0.0,0.0,0.0,0.0,0.0,0.0,0.0,0.0,0.0,0.0,0.0,0.0,0.0,0.0,0.0,0.0,0.0,0.0,0.0,0.0,0.0,0.0,0.0,0.0,0.0,0.0
0.0,0.0,0.0,0.0,0.0,0.0,0.0,0.0,0.0,0.0,0.0,0.0,0.0,0.0,0.0,0.0,0.0,0.0,0.0,0.0,0.0,0.0,0.0,0.0,0.0,0.0,0.0,0.0,0.0,0.0,0.0,0.0,0.0,0.0,0.0,0.0,0.0,0.0,0.0,0.0,0.0,0.0,0.0,0.0,0.0,0.0,0.0,0.0,0.0,0.0,0.0,0.0,0.0,0.0,0.0,0.0,0.0,0.0,0.0,0.0,0.0,0.0,0.0,0.0,0.0,0.0,0.0,0.0,0.0,0.0,0.0,0.0,0.0,0.0,0.0,0.0,0.0,0.0,0.0,0.0,0.0,0.0,0.0,0.0,0.0,0.0,0.0,0.0,0.0,0.0,0.0,0.0,0.0,0.0,0.0,0.0,0.0,0.0,0.0,0.0
0.0,0.0,0.0,8773.278720018272,59246.69808642335,0.0,24806.44067503969,0.0,0.0,0.0,0.0,22788.357263256654,67008.56187320693,0.0,147268.0618242758,0.0,0.0,0.0,30308.145814383133,0.0,524313.6620665339,0.0,0.0,0.0,107163.11924961922,0.0,118641.84090204918,0.0,120555.91354643687,0.0,59164.22355721711,0.0,106809.34235331631,0.0,268348.87781337555,0.0,0.0,0.0,82961.18705101503,0.0,4845.332498649579,0.0,24639.939872068397,0.0,1358.2037051521668,0.0,139685.32603122227,0.0,99168.42460495069,0.0,188233.8664233822,0.0,236681.49020158962,0.0,25568.08970979714,0.0,182114.09195734578,0.0,12507.619710775452,0.0,0.0,0.0,0.0,69505.70965877804,633.0245017603096,0.0,47499.853676399245,0.0,219887.38644306367,0.0,87388.77397703985,0.0,451221.9881317487,0.0,206912.4394682168,0.0,22552.126492754345,0.0,0.0,0.0,29012.813004351672,0.0,0.0,0.0,0.0,77986.30179969745,0.0,51897.39706472047,55498.24818630717,0.0,0.0,0.0,157550.98194916116,0.0,80.85298846678045,0.0,0.0,0.0,0.0,0.0
